candidate_id,blink_type,coarse_onset_time,coarse_offset_time,coarse_duration,refined_onset_time,refined_offset_time,refined_duration,onset_offset_seconds,offset_offset_seconds,refined_start_sample,refined_end_sample,refined_lowest_point_sample,coarse_start_sample,coarse_end_sample,threshold_crossing_found,refined_left_threshold,refined_right_threshold,search_window_start_sample,search_window_end_sample,search_window_start_time,search_window_end_time,refinement_succeeded,search_exhausted,extension_seconds_used,extension_attempts,left_interpolated_threshold,right_interpolated_threshold,left_interpolated_threshold_sample,right_interpolated_threshold_sample,left_interpolated_threshold_found,right_interpolated_threshold_found,interpolated_thresholds_found,refinement_used_outward_extension,refinement_fallback_to_coarse,threshold_value,threshold_index,blink_type_original,ear_mean,ear_median,ear_std,ear_var,ear_mad,ear_iqr,ear_skewness,ear_kurtosis,ear_min,ear_max,ear_time_of_min,ear_baseline,ear_blink_depth,max_closing_speed,max_opening_speed,max_negative_slope,max_positive_slope,mean_closing_slope,mean_reopening_slope,max_negative_acceleration,max_positive_acceleration,time_to_close,time_to_reopen,ear_p5,ear_p10,ear_p90,ear_p95,closed_duration_seconds,closed_fraction,time_under_threshold_seconds,time_under_threshold_fraction,auc_below_threshold,classification_threshold,blink_classification,blink_classification_computed,ear_threshold_closing_slope,ear_threshold_opening_slope,refined_closing_slope,refined_opening_slope,interpolated_closing_slope,interpolated_opening_slope
0,HB_CL,11.766667,12.033334,0.266667,11.79,11.97,0.18,0.02333299999999916,-0.06333399999999934,1179,1197,1184.0,1177,1204,True,1179,1197,1172,1209,11.72,12.09,True,False,0.0,0,11.784410337114705,11.969771600415049,1178.0,1197.0,True,True,True,False,False,0.26,0,HB_CL,0.23174898593853682,0.26267388463020325,0.05420940916622858,0.0029386600421515874,0.020660996437072754,0.09785477072000504,-0.6907573868240114,1.8607203728356,0.1263081133365631,0.28751635551452637,11.84,0.2783954894542694,0.15208737611770629,-3.325318545103073,1.985778659582138,-3.325318545103073,1.985778659582138,-2.27274422844251,0.9495808609894344,-50.85952579975128,126.98188424110413,0.05,0.13,0.13420763313770295,0.15135384798049928,0.2832211792469025,0.2851924210786819,0.18,0.9473684210526315,0.18,0.9473684210526315,0.01410729639530182,0.26,HB_CL,full,-2.4952423572540283,1.0295395667736347,-2.4952423572540283,1.0295395667736347,-2.4049774674709026,1.0302091230735348
1,HB_CL,12.166667,12.366667,0.2,12.18,12.35,0.17,0.013332999999999373,-0.016666999999999987,1218,1235,1223.0,1217,1237,True,1218,1235,1212,1242,12.12,12.42,True,False,0.0,0,12.172880540904357,12.344195297961074,1217.0,1234.0,True,True,True,False,False,0.26,0,HB_CL,0.22970770358255035,0.26873406767845154,0.06434711024493098,0.004140550596873301,0.01590345799922943,0.0947742760181427,-0.9966113776659277,2.6143884455332143,0.08220742642879486,0.2874479293823242,12.23,0.2677580463886261,0.18555061995983124,-4.482584819197655,2.6029858738183975,-4.482584819197655,2.6029858738183975,-2.8927952672044435,1.4412331466491406,-75.05988702178001,198.46098497509956,0.05,0.12,0.09509511552751064,0.12051181644201278,0.28375993967056273,0.2853156074881554,0.17,0.9444444444444444,0.17,0.9444444444444444,0.015241407361626626,0.26,HB_CL,full,-3.2377737760543823,1.5388825287421546,-3.2377737760543823,1.5388825287421546,-3.1126445590722627,1.556916762297962
2,HB_CL,35.8,36.066666999999995,0.266667,35.82,36.03,0.21,0.020000000000003126,-0.03666699999999423,3582,3603,3592.0,3580,3607,True,3582,3603,3575,3612,35.75,36.12,True,False,0.0,0,35.81403668272211,36.02784861006389,3581.0,3603.0,True,True,True,False,False,0.26,0,HB_CL,0.24984643501894815,0.25945819914340973,0.03187257320073032,0.001015860922435913,0.022814631462097168,0.047704365104436874,-0.5565594088433529,2.296469671201519,0.1787881851196289,0.29298171401023865,35.92,0.2863096272945404,0.1075214421749115,-1.3979673385620117,2.284592390060425,-1.3979673385620117,2.284592390060425,-0.7048363035375421,0.7903704419732094,-109.6830889582634,114.2040267586708,0.1,0.11,0.1864350013434887,0.2047702804207802,0.28614766597747804,0.28929171711206436,0.21,0.9545454545454546,0.21,0.9545454545454546,0.007818487203121187,0.26,HB_CL,full,-0.778578519821167,0.7829714905131947,-0.778578519821167,0.7829714905131947,-0.7664144249787126,0.7530167967140329
3,HB_CL,120.777778,121.044445,0.266667,120.85,121.04,0.19,0.07222199999999646,-0.004444999999989818,12085,12104,12089.0,12078,12105,True,12085,12104,12073,12110,120.73,121.1,True,False,0.0,0,120.84251864596689,121.0342477261232,12084.0,12103.0,True,True,True,False,False,0.26,0,HB_CL,0.24130534380674362,0.25626973807811737,0.05073790797549473,0.002574335305729772,0.028796076774597168,0.06149281933903694,-1.212620012160316,3.45891708801969,0.11470786482095718,0.2933619022369385,120.89,0.2817565953731537,0.1670487305521965,-3.724651038646698,3.1112775206565857,-3.724651038646698,3.1112775206565857,-2.8780514001846313,0.9365155594423413,-110.6797531247139,175.71564763784409,0.04,0.15,0.13219860307872297,0.1596700578927994,0.28544389009475707,0.2866810366511345,0.19,0.95,0.19,0.95,0.011210194849967959,0.26,HB_CL,full,-3.1596986576914787,1.0180987417697906,-3.1596986576914787,1.0180987417697906,-3.0599829793760165,1.0072403848844986
4,B_CL,199.711111,200.077778,0.366667,199.8,200.09,0.29,0.08888900000002309,0.012222000000008393,19980,20009,19984.0,19971,20008,True,19980,20009,19966,20013,199.66,200.13,True,False,0.0,0,199.7926422857621,200.0893504778068,19979.0,20009.0,True,True,True,False,False,0.26,0,B_CL,0.22013285726308823,0.22711029648780823,0.05072620800401243,0.002573148178466335,0.0398295521736145,0.08159245178103447,-0.494085439044176,1.7805502859443711,0.1300092190504074,0.28014200925827026,199.84,0.27435479283332825,0.14434557378292084,-3.794872760772705,1.6451038420200348,-3.794872760772705,1.6451038420200348,-2.5347410142421722,0.49302431826408094,-65.36204367876053,147.95783907175064,0.04,0.25,0.13469047471880913,0.13906918466091156,0.2731160581111908,0.27753785699605943,0.29,0.9666666666666667,0.29,0.9666666666666667,0.02171318107247353,0.26,B_CL,full,-2.7516059577465057,0.5211493372917175,-2.7516059577465057,0.5211493372917175,-2.744870250632797,0.5213175530801208
5,HB_M,257.1,257.5,0.4,257.14,257.48,0.34,0.03999999999996362,-0.01999999999998181,25714,25748,25729.0,25710,25750,True,25714,25748,25705,25755,257.05,257.55,True,False,0.0,0,257.13907202677854,257.47050995133503,25714.0,25747.0,True,True,True,False,False,0.26,0,HB_M,0.24999021887779235,0.25027960538864136,0.023577706430820557,0.000555908240537957,0.020417600870132446,0.041849374771118164,-0.0139744281126908,1.8505041036992191,0.20913906395435333,0.29503104090690613,257.29,0.27103080034255983,0.0618917363882065,-1.1075541377067566,1.3068348169326782,-1.1075541377067566,1.3068348169326782,-0.3322077915072441,0.27918320149183273,-75.67815482616425,84.14637297391891,0.15,0.19,0.21531475633382796,0.21927495002746583,0.27677232027053833,0.2868412226438522,0.34,0.9714285714285714,0.34,0.9714285714285714,0.008636412286758427,0.26,HB_M,full,-0.33293694257736206,0.29032410759674876,-0.33293694257736206,0.29032410759674876,-0.3369881338763416,0.28176250488956706
6,B_CL,333.047222,333.51388899999995,0.466667,333.19,333.59,0.4,0.14277800000002117,0.0761110000000258,33319,33359,33329.0,33305,33352,True,33319,33359,33295,33362,332.95,333.62,True,False,0.1,1,333.18533389245016,333.5876433575049,33319.0,33359.0,True,True,True,True,False,0.26,0,B_CL,0.22487250043720494,0.2262917160987854,0.044023634733743114,0.001938080415170033,0.03713449835777283,0.06968928873538971,-0.3353626621948696,2.1828559251208204,0.13701224327087402,0.302239328622818,333.29,0.27527871131896975,0.13826646804809573,-2.622062712907791,1.4868676662445068,-2.622062712907791,1.4868676662445068,-1.073856313120235,0.42520662949931237,-107.58083313703537,107.00352489948273,0.1,0.3,0.1483231633901596,0.15307265520095825,0.27296510338783264,0.2857569456100464,0.4,0.975609756097561,0.4,0.975609756097561,0.024151796489953997,0.26,B_CL,full,-1.1194148659706116,0.4213799039522807,-1.1194148659706116,0.4213799039522807,-1.1750485387118985,0.41320511151377076
7,HB_CL,397.338889,397.705556,0.366667,397.41,397.72,0.31,0.07111100000003034,0.01444400000002588,39741,39772,39751.0,39734,39771,True,39741,39772,39729,39776,397.29,397.76,True,False,0.0,0,397.4011157338531,397.7130741656744,39740.0,39771.0,True,True,True,False,False,0.26,0,HB_CL,0.24198063749533433,0.24839483946561813,0.03570424929132675,0.0012747934174572066,0.017676115036010742,0.03231576085090637,-0.6004761003915011,2.6985074972046204,0.1650829017162323,0.3003256320953369,397.51,0.2957673490047455,0.1306844472885132,-1.285332441329956,1.5578679740428925,-1.285332441329956,1.5578679740428925,-0.807257741689682,0.4870246418497779,-66.8073445558548,73.86740297079086,0.1,0.21,0.17037186920642852,0.18360753059387208,0.28549677431583403,0.29518724530935286,0.31,0.96875,0.31,0.96875,0.01215601412057877,0.26,HB_CL,full,-0.8551672101020813,0.4898755323319208,-0.8551672101020813,0.4898755323319208,-0.8717246452826339,0.46740114858304016
8,B_CL,402.722222,403.01944399999996,0.297222,402.67,402.71,0.04,-0.05222199999997201,-0.30944399999998495,40267,40271,40268.0,40272,40302,True,40267,40271,40267,40307,402.67,403.07,True,False,0.0,0,402.6672365425122,402.70889795696894,40267.0,40271.0,True,True,True,False,False,0.26,0,B_CL,0.2588788962364197,0.25805285573005676,0.03229578704951938,0.0010430178611479037,0.025467276573181152,0.05326242744922638,-0.5920896308183825,3.2162611874104527,0.25423282384872437,0.3025995194911957,402.68,0.2879941415786743,0.03376131772994995,-0.38200318813323975,0.2856224775314331,-0.38200318813323975,0.2856224775314331,-0.27817338705062866,0.13497136533260345,-3.2970309257507324,27.897879481315613,0.01,0.03,0.21150078773498535,0.22900425791740417,0.2997055113315582,0.30154016613960266,0.04,0.8,0.04,0.8,0.0001539642453193668,0.26,B_CL,full,-0.38200318813323975,0.20152032375335693,-0.38200318813323975,0.20152032375335693,-0.4518506178124366,0.19957037646210302
9,HB_CL,403.277778,403.577778,0.3,403.3,403.32,0.02,0.022221999999999298,-0.25777800000003026,40330,40332,40331.0,40328,40358,True,40330,40332,40323,40363,403.23,403.63,True,False,0.0,0,403.29890101243734,403.31205834106896,40330.0,40331.0,True,True,True,False,False,0.26,0,HB_CL,0.27016029409740283,0.2697417140007019,0.008712420114538679,7.590626425221819e-05,0.006142944097518921,0.011821091175079346,0.5203911284638599,2.273506880462859,0.25869816541671753,0.28903043270111084,403.31,0.25724283218383787,-0.001455333232879663,-0.06561279296875,0.6324678659439087,-0.06561279296875,0.6324678659439087,0.10890737175941467,0.457947701215744,34.904032945632935,34.904032945632935,0.01,0.01,0.25935736298561096,0.2596069395542145,0.2831057071685791,0.28554107546806334,0.02,0.6666666666666666,0.02,0.6666666666666666,1.947541236877459e-05,0.26,HB_CL,full,-0.06561279296875,0.6324678659439087,-0.06561279296875,0.6324678659439087,-0.11729309326032857,0.632467865950164
10,HB_CL,414.988889,415.288889,0.3,415.08,415.36,0.28,0.09111100000001215,0.07111100000003034,41508,41536,41514.0,41499,41529,True,41508,41536,41489,41539,414.89,415.39,True,False,0.1,1,415.07946156575235,415.35516455856987,41508.0,41536.0,True,True,True,True,False,0.26,0,HB_CL,0.25302130592112637,0.2536329925060272,0.03206613655386044,0.0010282371134908248,0.02891254425048828,0.05165478587150574,-0.27011097684808694,1.7608880734946926,0.19991371035575867,0.3005426824092865,415.14,0.2853812003135681,0.08546748995780945,-1.430290937423706,1.285719871520996,-1.430290937423706,1.285719871520996,-0.930759630032948,0.31468194463978644,-42.11492836475372,64.19189274311066,0.06,0.22,0.20274299383163452,0.20461596846580504,0.28925658464431764,0.29527699351310727,0.28,0.9655172413793104,0.28,0.9655172413793104,0.008541189122200013,0.26,HB_CL,full,-0.9910052021344503,0.30137869444760407,-0.9910052021344503,0.30137869444760407,-0.9925312801857101,0.27925737418658747
11,B_CL,424.366667,424.8,0.433333,424.42,424.71,0.29,0.05333300000000918,-0.09000000000003183,42442,42471,42453.0,42437,42480,True,42442,42471,42432,42485,424.32,424.85,True,False,0.0,0,424.4101216559935,424.7008584875613,42441.0,42470.0,True,True,True,False,False,0.26,0,B_CL,0.22948516756296158,0.2512285113334656,0.06489944698357009,0.004211938218773224,0.044231489300727844,0.1274733878672123,-0.48168999470635043,1.8060517731278316,0.10572441667318344,0.3119331896305084,424.53,0.3030692410469055,0.19734482437372208,-1.793701946735382,2.011006325483322,-1.793701946735382,2.011006325483322,-1.2718702666461468,0.8369122092661104,-55.21208047866821,90.9644179046154,0.11,0.18,0.11608888618648053,0.1331152692437172,0.2991320490837097,0.305061899125576,0.29,0.9666666666666667,0.29,0.9666666666666667,0.021562648051977162,0.26,B_CL,full,-1.3698654418641871,0.8907311906417211,-1.3698654418641871,0.8907311906417211,-1.2869345552397158,0.9029436320596151
12,B_CL,485.208333,485.477777,0.269444,485.21,485.23,0.02,0.0016669999999976426,-0.24777699999998504,48521,48523,48522.0,48521,48548,True,48521,48523,48516,48553,485.16,485.53,True,False,0.0,0,485.2069070133473,485.225749779556,48521.0,48523.0,True,True,True,False,False,0.26,0,B_CL,0.25488996311374335,0.2576608955860138,0.01815305531848387,0.0003295334173959355,0.015401661396026611,0.02356588840484619,-0.5572864214506582,2.1999535611595955,0.2563038170337677,0.2798376679420471,485.22,0.2641585832834244,0.007854766249656697,-0.13570785522460938,0.6428390741348267,-0.13570785522460938,0.6428390741348267,0.058928877115249634,0.44820234179496765,38.9273464679718,38.9273464679718,0.01,0.01,0.22298363894224166,0.22624111473560332,0.2760554552078247,0.27719677090644834,0.02,0.6666666666666666,0.02,0.6666666666666666,6.035287380218524e-05,0.26,B_CL,full,-0.13570785522460938,0.6428390741348267,-0.13570785522460938,0.6428390741348267,-0.2823025077673721,0.6428390741336684
13,HB_CL,527.280556,527.647223,0.366667,527.36,527.68,0.32,0.07944399999996676,0.03277699999989636,52736,52768,52742.0,52728,52765,True,52736,52768,52723,52770,527.23,527.7,True,False,0.0,0,527.3538735478812,527.6787480491147,52735.0,52768.0,True,True,True,False,False,0.26,0,HB_CL,0.22305122397418292,0.24292047321796417,0.05483761953074775,0.003007164515799047,0.026469483971595764,0.07721996307373047,-0.8955888571197046,2.48291530304822,0.10599464923143387,0.28614839911460876,527.42,0.2757618498802185,0.16976720064878464,-3.5073965787887573,1.2178711593151093,-3.5073965787887573,1.2178711593151093,-2.2502521319048747,0.5872535070887318,-66.0194456577301,101.93025693297386,0.06,0.26,0.11196719706058503,0.12571721374988556,0.275815749168396,0.2802138864994049,0.32,0.9696969696969697,0.32,0.9696969696969697,0.02169543727934361,0.26,HB_CL,full,-2.3928849647442503,0.5975641596775788,-2.3928849647442503,0.5975641596775788,-2.3289522699937346,0.595194248982647
14,B_CL,538.1,538.4333330000001,0.333333,538.05,538.09,0.04,-0.05000000000006821,-0.34333300000002964,53805,53809,53806.0,53810,53843,True,53805,53809,53805,53848,538.05,538.48,True,False,0.0,0,,,,,False,False,False,False,False,0.26,0,B_CL,0.2215495929121971,0.2438533455133438,0.06444499568942394,0.00415315746940987,0.010640934109687805,0.020133942365646362,-1.4901989050679445,3.9429698225109284,0.24298349022865295,0.29223406314849854,538.06,0.26042896270751953,0.017445472478866575,-0.17997026443481445,1.446700096130371,-0.17997026443481445,1.446700096130371,-0.09669512510299683,0.7610708475112915,16.655027866363525,57.11570382118225,0.01,0.03,0.07180957198143005,0.10177854895591737,0.2766628861427307,0.28579399585723875,0.04,0.8,0.04,0.8,0.0005509284973144535,0.26,B_CL,full,-0.17997026443481445,0.8036394913991293,-0.17997026443481445,0.8036394913991293,,
15,HB_CL,572.5,572.9,0.4,572.49,572.5,0.01,-0.009999999999990905,-0.39999999999997726,57249,57250,57249.0,57250,57290,True,57249,57250,57245,57295,572.45,572.95,True,False,0.0,0,572.4886655130339,572.490287018967,57249.0,57249.0,True,True,True,False,False,0.26,0,HB_CL,0.23364111273126167,0.27230265736579895,0.07090190053241249,0.005027079499108115,0.015398994088172913,0.10196462646126747,-0.9580147472311554,2.1761047155590045,0.25971317291259766,0.29974234104156494,572.49,0.28242952704429625,0.02271635413169859,0.9993314743041992,0.9993314743041992,0.9993314743041992,0.9993314743041992,0.9993314743041992,0.9993314743041992,0.0,0.0,0.0,0.01,0.10229860730469227,0.11640800759196282,0.29062762558460237,0.2982666328549385,0.01,0.5,0.01,0.5,2.8682708740235265e-06,0.26,HB_CL,full,,0.9993314743041992,,0.9993314743041992,-0.21493434906617104,0.999331474102855
16,HB_M,598.966667,599.4,0.433333,599.02,599.25,0.23,0.053332999999952335,-0.14999999999997726,59902,59925,59915.0,59897,59940,True,59902,59925,59892,59945,598.92,599.45,True,False,0.0,0,599.0134316520459,599.241734628312,59901.0,59924.0,True,True,True,False,False,0.26,0,HB_M,0.2525062987750227,0.2581664025783539,0.02077581776713635,0.00043163460389325845,0.017750605940818787,0.03613484278321266,-0.19649568266971584,1.8193081889542535,0.21197272837162018,0.28542935848236084,599.15,0.2799516010284424,0.06797887265682223,-1.1721961200237274,1.2342847883701324,-1.1721961200237274,1.2342847883701324,-0.32073897974831717,0.5361214957453988,-73.87682795524597,71.8596950173378,0.13,0.1,0.21866098567843437,0.2261298730969429,0.2776154637336731,0.28241812288761137,0.23,0.9583333333333334,0.23,0.9583333333333334,0.005620473134517672,0.26,HB_M,full,-0.3571676520200876,0.5579574406147003,-0.3571676520200876,0.5579574406147003,-0.35167205540586094,0.5235457156378855
17,B_CL,602.833333,603.233333,0.4,602.89,603.16,0.27,0.05666699999994762,-0.07333300000004783,60289,60316,60300.0,60283,60323,True,60289,60316,60278,60328,602.78,603.28,True,False,0.0,0,602.8814121513295,603.1556349080386,60288.0,60316.0,True,True,True,False,False,0.26,0,B_CL,0.20665968752776584,0.2466009333729744,0.07432297807926225,0.0055239050705704965,0.02801945060491562,0.12941905856132507,-0.694830926701921,1.838514051913523,0.07617230713367462,0.27891087532043457,603.0,0.2828644454479218,0.20669213831424715,-3.857611119747162,1.8020138144493103,-3.857611119747162,1.8020138144493103,-1.543321708838145,1.1198065517579807,-81.71994239091873,119.52627450227737,0.11,0.16,0.08034788556396961,0.08119857609272003,0.2740244805812836,0.27517330795526507,0.27,0.9642857142857143,0.27,0.9642857142857143,0.0277089306384325,0.26,B_CL,full,-1.6111364418810064,1.1702748946845531,-1.6111364418810064,1.1702748946845531,-1.5501393686391864,1.181146923804364
18,HB_CL,622.2,622.566667,0.366667,622.26,622.49,0.23,0.05999999999994543,-0.07666700000004312,62226,62249,62237.0,62220,62257,True,62226,62249,62215,62262,622.15,622.62,True,False,0.0,0,622.257720077054,622.4810052015436,62226.0,62248.0,True,True,True,False,False,0.26,0,HB_CL,0.23726555806669322,0.2585449814796448,0.05726559264017712,0.0032793481004307072,0.03536823391914368,0.09292923659086227,-0.8522821015950275,2.6555422106295277,0.1022452563047409,0.29915085434913635,622.37,0.28748499274253847,0.18523973643779756,-2.3950286209583282,3.549575060606003,-2.3950286209583282,3.549575060606003,-1.2997385114431381,1.3037099288060114,-131.15700334310532,192.59463995695114,0.11,0.12,0.12155617326498032,0.15394890010356904,0.29573493301868437,0.29681931287050245,0.23,0.9583333333333334,0.23,0.9583333333333334,0.015202169972658159,0.26,HB_CL,full,-1.416465775533156,1.3866957277059555,-1.416465775533156,1.3866957277059555,-1.4050129315744873,1.421147311131814
19,B_CL,660.566667,661.0333340000001,0.466667,660.54,660.57,0.03,-0.026667000000088592,-0.46333400000003166,66054,66057,66055.0,66057,66104,True,66054,66057,66052,66109,660.52,661.09,True,False,0.0,0,660.5343713416752,660.5641644031807,66053.0,66056.0,True,True,True,False,False,0.26,0,B_CL,0.23131966994454464,0.2636197656393051,0.05518273566680942,0.00304513431567296,0.007413297891616821,0.05988488718867302,-1.1491619032087244,2.5710578925847947,0.2535134255886078,0.27367129921913147,660.55,0.28024704456329347,0.02673361897468568,-0.29125213623046875,0.7649332284927368,-0.29125213623046875,0.7649332284927368,-0.1359120011329651,0.4439607262611389,21.741241216659546,41.938647627830505,0.01,0.02,0.12366855405271053,0.1285172387957573,0.2708646148443222,0.2732417106628418,0.03,0.75,0.03,0.75,0.00013246117830276516,0.26,B_CL,full,-0.29125213623046875,0.5475208163261414,-0.29125213623046875,0.5475208163261414,-0.41504358701800775,0.4579490098251652
20,HB_CL,691.033333,691.366666,0.333333,691.04,691.05,0.01,0.006666999999993095,-0.31666600000005474,69104,69105,69104.0,69103,69136,True,69104,69105,69098,69141,690.98,691.41,True,False,0.0,0,691.0369441954998,691.0417817972722,69104.0,69104.0,True,True,True,False,False,0.26,0,HB_CL,0.2566775550896471,0.2627324014902115,0.03543443387804309,0.0012555991042574079,0.02792198956012726,0.06736346334218979,-0.3196689391750343,1.7219841166672525,0.2592427432537079,0.30818411707878113,691.04,0.2965819537639618,0.037339210510253906,0.424996018409729,0.424996018409729,0.424996018409729,0.424996018409729,0.424996018409729,0.424996018409729,0.0,0.0,0.0,0.01,0.2052719049155712,0.20578264594078063,0.29907611906528475,0.3049327120184898,0.01,0.5,0.01,0.5,7.572567462921231e-06,0.26,HB_CL,full,,0.424996018409729,,0.424996018409729,-0.24780929089376827,0.42499601840591894
21,HB_M,714.1,714.4,0.3,714.17,714.34,0.17,0.06999999999993634,-0.05999999999994543,71417,71434,71420.0,71410,71440,True,71417,71434,71405,71445,714.05,714.45,True,False,0.0,0,714.1629525910795,714.3375441360421,71416.0,71434.0,True,True,True,False,False,0.26,0,HB_M,0.25374481238816915,0.2590281218290329,0.022786743523354584,0.000519235680399142,0.015822522342205048,0.033559441566467285,-0.19736647546626082,2.1714675928041425,0.20883587002754211,0.2945803999900818,714.2,0.28290547132492067,0.07406960129737855,-1.7599999904632568,1.0031715035438538,-1.7599999904632568,1.0031715035438538,-1.2584548443555832,0.33434033393859863,-57.16539919376373,89.44079279899597,0.03,0.14,0.2163561299443245,0.22387757003307343,0.2849143445491791,0.2886749804019928,0.17,0.9444444444444444,0.17,0.9444444444444444,0.004671216142177584,0.26,HB_M,full,-1.412782073020935,0.3731314625058855,-1.412782073020935,0.3731314625058855,-1.3810447603008322,0.37198336072153876
22,HB_M,718.733333,719.033333,0.3,718.77,718.99,0.22,0.03666699999996581,-0.04333299999996143,71877,71899,71884.0,71873,71903,True,71877,71899,71868,71908,718.68,719.08,True,False,0.0,0,718.7608162975039,718.9876891651847,71876.0,71899.0,True,True,True,False,False,0.26,0,HB_M,0.2528716103975163,0.2533559203147888,0.03160838361200183,0.0009990899145634656,0.02893167734146118,0.055478863418102264,0.13773847588005445,1.7874181093530148,0.20657044649124146,0.30938780307769775,718.84,0.2887142074108124,0.08214376091957093,-1.3334646821022034,2.7191266417503357,-1.3334646821022034,2.7191266417503357,-0.5156148225069046,0.45364582911133766,-104.63584214448929,138.67739588022232,0.07,0.15,0.209456205368042,0.21058208346366883,0.3004216313362122,0.3027440458536148,0.22,0.9565217391304348,0.22,0.9565217391304348,0.007484896790981296,0.26,HB_M,full,-0.5579833473478044,0.3980867067972819,-0.5579833473478044,0.3980867067972819,-0.6747544232521177,0.3617702994118357
23,HB_M,720.733333,721.133333,0.4,720.79,721.01,0.22,0.05666699999994762,-0.12333300000000236,72079,72101,72085.0,72073,72113,True,72079,72101,72068,72118,720.68,721.18,True,False,0.0,0,720.7817725298675,721.0034530925739,72078.0,72100.0,True,True,True,False,False,0.26,0,HB_M,0.2582570234703463,0.25822868943214417,0.018891737754299292,0.0003568977553772173,0.011861741542816162,0.0226903036236763,0.01956186700431788,2.7240791647396723,0.2194414734840393,0.3028016984462738,720.85,0.286320823431015,0.0668793499469757,-1.2351594865322113,1.2470409274101257,-1.2351594865322113,1.2470409274101257,-0.5027451685496739,0.2682020559030421,-76.21511816978455,87.68513798713684,0.06,0.16,0.2282673880457878,0.23113896548748017,0.282258129119873,0.2893031597137451,0.22,0.9565217391304348,0.22,0.9565217391304348,0.003497111064195635,0.26,HB_M,full,-0.6604115168253581,0.27448032051324844,-0.6604115168253581,0.27448032051324844,-0.5944603608656944,0.26430569652054514
24,HB_CL,731.8,732.1999999999999,0.4,731.84,732.1,0.26,0.04000000000007731,-0.09999999999990905,73184,73210,73191.0,73180,73220,True,73184,73210,73175,73225,731.75,732.25,True,False,0.0,0,731.8355831050715,732.0992332818339,73184.0,73210.0,True,True,True,False,False,0.26,0,HB_CL,0.24616192629996766,0.24746866524219513,0.03962788073466817,0.0015703689315210848,0.037908002734184265,0.07230746746063232,-0.3001989812786543,1.6737259433576759,0.18087628483772278,0.2963966131210327,731.91,0.2877720856666565,0.10689580082893374,-1.4198698103427887,1.6264408826828003,-1.4198698103427887,1.6264408826828003,-0.98473085090518,0.4014234244823456,-72.56235927343369,72.35635071992874,0.07,0.19,0.18407915234565736,0.1874072790145874,0.2940883994102478,0.2951939195394516,0.26,0.9629629629629629,0.26,0.9629629629629629,0.01159918228387833,0.26,HB_CL,full,-1.0701720203672136,0.419655442237854,-1.0701720203672136,0.419655442237854,-1.0632493500070823,0.41812790221391094
25,B_CL,746.4,746.966667,0.566667,746.4,746.44,0.04,0.0,-0.5266669999999749,74640,74644,74642.0,74640,74697,True,74640,74644,74635,74702,746.35,747.02,True,False,0.0,0,746.3991744917515,746.4385017944004,74640.0,74644.0,True,True,True,False,False,0.26,0,B_CL,0.23660845279693604,0.2579502761363983,0.04434557096801353,0.0019665296644791243,0.013387024402618408,0.05059787631034851,-1.2309875165874538,3.0473023595854456,0.2551700174808502,0.2728022336959839,746.42,0.2680803644657135,0.012910346984863263,-0.395733118057251,0.26068389415740967,-0.395733118057251,0.26068389415740967,-0.16746819019317627,0.20956695079803467,-0.45806169509887695,25.38233995437622,0.02,0.02,0.1452047646045685,0.16150375604629516,0.2724185883998871,0.2727100312709808,0.04,0.8,0.04,0.8,0.00011881210803985632,0.26,B_CL,full,-0.21858513355255127,0.26068389415740967,-0.21858513355255127,0.26068389415740967,-0.23192627337258875,0.26105481525813695
26,HB_CL,747.233333,747.533333,0.3,747.13,747.17,0.04,-0.10333300000002055,-0.36333300000001145,74713,74717,74714.0,74723,74753,True,74713,74717,74713,74763,747.13,747.63,True,False,0.1,1,747.1207175050237,747.1698634877836,74712.0,74717.0,True,True,True,True,False,0.26,0,HB_CL,0.2509393984079361,0.25136399269104004,0.01512430179525838,0.00022874450479405583,0.009018152952194214,0.013659834861755371,-1.2535236431986225,5.20208683982572,0.24953404068946838,0.2732243537902832,747.14,0.24920625627040863,-0.00032778441905975675,-0.36925971508026123,0.5393803119659424,-0.36925971508026123,0.5393803119659424,-0.25613829493522644,0.2847548574209213,5.401372909545898,31.419172883033752,0.01,0.03,0.2307011902332306,0.2325592339038849,0.2666760265827179,0.2706989824771881,0.04,0.8,0.04,0.8,0.0003219319224357609,0.26,HB_CL,full,-0.36925971508026123,0.3513197104136149,-0.36925971508026123,0.3513197104136149,-0.5427699747041301,0.3504600462737599
27,HB_CL,751.033333,751.4,0.366667,750.98,751.03,0.05,-0.053332999999952335,-0.37000000000000455,75098,75103,75100.0,75103,75140,True,75098,75103,75098,75145,750.98,751.45,True,False,0.0,0,750.9426100464899,751.0229128788279,75094.0,75102.0,True,True,True,False,False,0.26,0,HB_CL,0.2358038697678309,0.25542034208774567,0.0489369367185441,0.00239482377539479,0.009524181485176086,0.02098788693547249,-1.6178874102662812,4.2471409664619,0.25011929869651794,0.2830463945865631,751.0,0.25220547914505004,0.0020861804485320934,-0.22417008876800537,1.0698109865188599,-0.22417008876800537,1.0698109865188599,-0.17442007859547934,0.5417659878730774,-0.4029273986816406,45.846402645111084,0.02,0.03,0.12135611660778522,0.1475977897644043,0.2718336433172226,0.27786165475845337,0.05,0.8333333333333334,0.05,0.8333333333333334,0.00035170632600784347,0.26,HB_CL,full,-0.22417008876800537,0.5820860465367635,-0.22417008876800537,0.5820860465367635,-0.17216778720240292,0.43122915185325417
28,HB_M,758.7,758.8000000000001,0.1,758.65,758.68,0.03,-0.05000000000006821,-0.12000000000011823,75865,75868,75865.0,75870,75880,True,75865,75868,75865,75885,758.65,758.85,True,False,0.0,0,758.6250902650156,758.6766422871884,75863.0,75868.0,True,True,True,False,False,0.26,0,HB_M,0.2578075459847848,0.2575150281190872,0.005525356368163685,3.0529562995206985e-05,0.004513874650001526,0.007547788321971893,-0.0306431947872227,2.0039999708322127,0.24817518889904022,0.26758110523223877,758.65,0.26384411096572874,0.015668922066688518,0.11146813631057739,0.7485538721084595,0.11146813631057739,0.7485538721084595,0.11146813631057739,0.46595875173807144,8.73759388923645,27.48548984527588,0.0,0.03,0.24939536601305007,0.25003519654273987,0.26411429047584534,0.2668866470456123,0.03,0.75,0.03,0.75,0.0002750705063343051,0.26,HB_M,full,,0.4779413342475891,,0.4779413342475891,-0.47470641933296714,0.44383618483346354
29,B_CL,839.1,839.5,0.4,839.11,839.46,0.35,0.009999999999990905,-0.03999999999996362,83911,83946,83920.0,83910,83950,True,83911,83946,83905,83955,839.05,839.55,True,False,0.0,0,839.1041735451277,839.4547871710496,83910.0,83945.0,True,True,True,False,False,0.26,0,B_CL,0.22199948304998024,0.22328705340623856,0.05839109477398695,0.0034095199489047262,0.05727524310350418,0.10880769416689873,-0.25920656232165423,1.7491053869979127,0.11314694583415985,0.30320537090301514,839.2,0.2909188878536224,0.17777194201946256,-2.5129422545433044,1.2695737183094025,-2.5129422545433044,1.2695737183094025,-1.4394081383943558,0.5672587564697972,-71.94284349679947,120.89090421795845,0.09,0.26,0.12594575248658657,0.14409393817186356,0.29207001626491547,0.29451601952314377,0.35000000000000003,0.9722222222222222,0.35000000000000003,0.9722222222222222,0.026335135683417325,0.26,B_CL,full,-1.5125110745429993,0.5902404395433573,-1.5125110745429993,0.5902404395433573,-1.532489690465896,0.5763753864094079
30,HB_CL,850.2,850.5333330000001,0.333333,850.25,850.46,0.21,0.049999999999954525,-0.07333300000004783,85025,85046,85029.0,85020,85053,True,85025,85046,85015,85058,850.15,850.58,True,False,0.0,0,850.2422530737845,850.4567217720634,85024.0,85046.0,True,True,True,False,False,0.26,0,HB_CL,0.24997934699058533,0.2493784874677658,0.03796612671392237,0.00144142677765761,0.028710193932056427,0.05819978937506676,0.008159223782876571,2.0713644282883448,0.17729414999485016,0.3158642053604126,850.29,0.2953251397609711,0.11803098976612092,-2.166137844324112,1.7115205526351929,-2.166137844324112,1.7115205526351929,-1.6355924308300018,0.5108212431271871,-52.33891308307648,108.79531502723694,0.04,0.17,0.1873479589819908,0.20585004091262818,0.3028077125549316,0.3102761924266815,0.21,0.9545454545454546,0.21,0.9545454545454546,0.008839863157272341,0.26,HB_CL,full,-1.8241818994283676,0.5195094382061678,-1.8241818994283676,0.5195094382061678,-1.7321711900756667,0.49607108286793145
31,HB_CL,902.1,902.5,0.4,902.15,902.32,0.17,0.049999999999954525,-0.17999999999994998,90215,90232,90222.0,90210,90250,True,90215,90232,90205,90255,902.05,902.55,True,False,0.0,0,902.145139766131,902.3189334617018,90215.0,90232.0,True,True,True,False,False,0.26,0,HB_CL,0.24042790696809166,0.24185467511415482,0.03054079079380158,0.0009327399023107555,0.022864490747451782,0.04666430130600929,-0.42899516458666254,2.385635041012477,0.17540009319782257,0.2939388155937195,902.22,0.2927357506752014,0.11733565747737884,-1.7423339188098907,1.6560912132263184,-1.7423339188098907,1.6560912132263184,-1.0408315807580948,0.8351099762049589,-49.772560596466064,90.05755186080933,0.07,0.1,0.1808061644434929,0.1940199226140976,0.27274593710899353,0.28095625042915345,0.17,0.9444444444444444,0.17,0.9444444444444444,0.007434369903802874,0.26,HB_CL,full,-1.1790537408420017,0.863661915063858,-1.1790537408420017,0.863661915063858,-1.130104762298997,0.8551192422355774
32,HB_M,903.9,904.266667,0.366667,903.91,904.2,0.29,0.009999999999990905,-0.06666699999993853,90391,90420,90399.0,90390,90427,True,90391,90420,90385,90432,903.85,904.32,True,False,0.0,0,903.9073363076214,904.1924021931927,90391.0,90419.0,True,True,True,False,False,0.26,0,HB_M,0.2517025575041771,0.24508687108755112,0.02874814340611902,0.0008264557492987845,0.0196385458111763,0.03658058121800423,0.39664522360299437,2.319164487976,0.2018338292837143,0.30636724829673767,903.99,0.29696605205535886,0.09513222277164457,-0.9323291480541229,1.0073840618133545,-0.9323291480541229,1.0073840618133545,-0.6362448963854048,0.2989732745018872,-31.797513365745544,54.53385412693024,0.08,0.21,0.208122668415308,0.21970448642969131,0.3008886635303497,0.3039948597550392,0.29,0.9666666666666667,0.29,0.9666666666666667,0.00828427695631981,0.26,HB_M,full,-0.6874600425362587,0.3015044899213882,-0.6874600425362587,0.3015044899213882,-0.7036483496274594,0.2873791523637524
33,HB_M,907.966667,908.066667,0.1,908.0,908.04,0.04,0.033332999999970525,-0.026667000000088592,90800,90804,90801.0,90797,90807,True,90800,90804,90792,90812,907.92,908.12,True,False,0.0,0,907.9923902238464,908.0360950358288,90799.0,90804.0,True,True,True,False,False,0.26,0,HB_M,0.2757487738132477,0.27600231766700745,0.023044954957750212,0.0005310699490047361,0.015583634376525879,0.02745947241783142,-0.3869878261202503,2.3090601162064313,0.22755366563796997,0.3086443841457367,908.01,0.2924504482746124,0.06489678263664245,-1.318998634815216,1.8675938248634338,-1.318998634815216,1.8675938248634338,-0.8859235793352127,1.0620549321174622,8.728355169296265,118.60813945531845,0.01,0.03,0.23349807560443878,0.24389297068119048,0.30630927681922915,0.30779159665107725,0.04,0.8,0.04,0.8,0.0009139905214309696,0.26,HB_M,full,-1.318998634815216,1.32464071114858,-1.318998634815216,1.32464071114858,-1.8425182738887464,1.2433910639132713
34,HB_CL,922.566667,923.0333340000001,0.466667,922.52,922.54,0.02,-0.0466670000000704,-0.49333400000011807,92252,92254,92252.0,92257,92304,True,92252,92254,92252,92309,922.52,923.09,True,False,0.0,0,922.4902470779439,922.5384072910362,92249.0,92254.0,True,True,True,False,False,0.26,0,HB_CL,0.2599491140116816,0.2602039873600006,0.0190062286741764,0.0003612367284150851,0.011385887861251831,0.020917043089866638,0.13316162303127257,2.379480812770695,0.25038671493530273,0.29816144704818726,922.52,0.2817255067825317,0.031338791847228986,0.36117732524871826,0.7138460874557495,0.36117732524871826,0.7138460874557495,0.36117732524871826,0.5375117063522339,17.633438110351562,17.633438110351562,0.0,0.02,0.23161476850509644,0.23254637122154237,0.28526425957679746,0.2932742238044739,0.02,0.6666666666666666,0.02,0.6666666666666666,0.00015614796876907368,0.26,HB_CL,full,,0.5375117063522339,,0.5375117063522339,-0.32310389704142894,0.5222542005669245
35,B_CL,929.633333,930.0666659999999,0.433333,929.58,929.61,0.03,-0.053332999999952335,-0.4566659999999274,92958,92961,92958.0,92963,93006,True,92958,92961,92958,93011,929.58,930.11,True,False,0.0,0,,,,,False,False,False,False,False,0.26,0,B_CL,0.2445272064457337,0.24399375170469284,0.02076833703666699,0.00043132382326859387,0.011961765587329865,0.025236692279577255,-1.5489942524161868,6.308219524888373,0.230789452791214,0.26849621534347534,929.58,0.2473828065395355,0.01659335374832152,0.966411828994751,1.172599196434021,0.966411828994751,1.172599196434021,0.966411828994751,1.0784059762954712,-13.498365879058838,17.05855131149292,0.0,0.03,0.21453042924404145,0.22926553189754487,0.26541882157325747,0.26727194637060164,0.03,0.75,0.03,0.75,0.0005522757649421695,0.26,B_CL,full,,1.1038700739542644,,1.1038700739542644,,
36,B_CL,930.333333,930.733333,0.4,930.37,930.71,0.34,0.03666699999996581,-0.02333299999997962,93037,93071,93042.0,93033,93073,True,93037,93071,93028,93078,930.28,930.78,True,False,0.0,0,930.3600329367488,930.7013872189032,93036.0,93070.0,True,True,True,False,False,0.26,0,B_CL,0.20862029709599234,0.22947244346141815,0.06913128485174606,0.004779134545253256,0.03907550871372223,0.10725744813680649,-0.8004738027262948,2.142568293655027,0.07016348093748093,0.28035640716552734,930.42,0.26167237758636475,0.19150889664888382,-4.287199676036835,2.259078249335289,-4.287199676036835,2.259078249335289,-3.082438806692759,0.6246183067560196,-53.564272820949554,147.3185233771801,0.05,0.29,0.08351545929908752,0.09480645060539246,0.27271429300308225,0.27552021145820615,0.34,0.9714285714285714,0.34,0.9714285714285714,0.0303046337902546,0.26,B_CL,full,-3.344958871603012,0.6651570313963397,-3.344958871603012,0.6651570313963397,-3.165679771033097,0.6746451377659093
37,HB_M,939.166667,939.5666669999999,0.4,939.12,939.15,0.03,-0.046666999999956715,-0.41666699999996126,93912,93915,93913.0,93917,93957,True,93912,93915,93912,93962,939.12,939.62,True,False,0.0,0,939.1160655101912,939.1438724817707,93912.0,93914.0,True,True,True,False,False,0.26,0,HB_M,0.25955771779020625,0.261493444442749,0.015409490280688028,0.0002374523907106188,0.00866129994392395,0.01639009267091751,-0.4591728522284038,2.8773332045090765,0.24912254512310028,0.2872777283191681,939.13,0.2702768504619598,0.021154305338859536,-0.5268469452857971,1.1746466159820557,-0.5268469452857971,1.1746466159820557,-0.23691877722740173,0.7104707260926565,27.089044451713562,71.53015583753586,0.01,0.02,0.23155829086899757,0.23714646250009538,0.2781276166439056,0.2822467729449272,0.03,0.75,0.03,0.75,0.0002103523790836337,0.26,HB_M,full,-0.5268469452857971,0.90375617146492,-0.5268469452857971,0.90375617146492,-0.7806137882457191,0.784103021845057
38,HB_CL,956.666667,957.0,0.333333,956.73,957.05,0.32,0.06333300000005693,0.049999999999954525,95673,95705,95681.0,95667,95700,True,95673,95705,95662,95705,956.62,957.05,True,False,0.0,0,956.7205540083564,957.0430888062355,95672.0,95704.0,True,True,True,False,False,0.26,0,HB_CL,0.2444310579097496,0.2462550848722458,0.028933188027780478,0.0008371293694508996,0.02413611114025116,0.05018383264541626,0.005216381851157891,2.050708292914375,0.18989592790603638,0.30364057421684265,956.81,0.2778871214389801,0.08799119353294371,-1.6034319996833801,1.0146722197532654,-1.6034319996833801,1.0146722197532654,-0.6092603007952372,0.3027936518192291,-65.59565663337708,69.48251277208328,0.08,0.24,0.19858957827091217,0.2113984376192093,0.27489509582519533,0.28900879025459286,0.32,0.9696969696969697,0.32,0.9696969696969697,0.011239674609899525,0.26,HB_CL,full,-0.6032170727849007,0.3109284987052282,-0.6032170727849007,0.3109284987052282,-0.7837586772290659,0.30076121297360825
39,HB_CL,1022.966667,1023.333334,0.366667,1023.04,1023.38,0.34,0.07333299999993415,0.04666599999995924,102304,102338,102312.0,102297,102334,True,102304,102338,102292,102339,1022.92,1023.39,True,False,0.0,0,1023.0335332385115,1023.3746869258073,102303.0,102337.0,True,True,True,False,False,0.26,0,HB_CL,0.22063171457160602,0.23616662621498108,0.059867517572205785,0.003584119660258368,0.024240553379058838,0.05900370329618454,-1.0976208118180397,3.6938494297025315,0.17057685554027557,0.3044753968715668,1023.12,0.2984443616867065,0.12786750614643094,-1.746974140405655,1.3278290629386902,-1.746974140405655,1.3278290629386902,-0.9827747941017151,0.33582926348403647,-56.875310838222504,70.25174796581268,0.08,0.26,0.07859829291701317,0.12422208338975907,0.2905896484851837,0.2983537524938583,0.34,0.9714285714285714,0.34,0.9714285714285714,0.011580379122495654,0.26,HB_CL,full,-1.108473725616932,0.35098705154198867,-1.108473725616932,0.35098705154198867,-1.034190976050468,0.3511100704375821
40,B_CL,1023.366667,1023.833334,0.466667,1023.32,1023.38,0.06,-0.046666999999956715,-0.45333400000004076,102332,102338,102335.0,102337,102384,True,102332,102338,102332,102389,1023.32,1023.89,True,False,0.0,0,,,,,False,False,False,False,False,0.26,0,B_CL,0.2020650643993307,0.23616662621498108,0.06821889385059735,0.004653817478199068,0.017386019229888916,0.08367807418107986,-1.0469689383434526,2.379870196333307,0.24610848724842072,0.2618334889411926,1023.35,0.21603451132774354,-0.030073975920677176,-0.527818500995636,0.6137050688266754,-0.527818500995636,0.6137050688266754,-0.3099115565419197,0.41498560458421707,-21.4250385761261,49.29564893245697,0.03,0.03,0.07432477846741677,0.07824407070875168,0.25835350155830383,0.2583778858184814,0.06,0.8571428571428571,0.06,0.8571428571428571,0.0004513214290142065,0.26,B_CL,full,-0.40861417849858606,0.5241667230923971,-0.40861417849858606,0.5241667230923971,,
41,HB_M,1027.933333,1028.0333329999999,0.1,1027.88,1027.9,0.02,-0.05333299999983865,-0.1333329999997659,102788,102790,102788.0,102793,102803,True,102788,102790,102788,102808,1027.88,1028.08,True,False,0.0,0,1027.8742774246596,1027.8910628612707,102787.0,102789.0,True,True,True,False,False,0.26,0,HB_M,0.26854249057562457,0.26415807008743286,0.020192742823115093,0.00040774686272046604,0.0064189136028289795,0.018822714686393738,-0.1863078354677129,3.6484120604315047,0.2577391564846039,0.30534499883651733,1027.88,0.27353836059570313,0.015799204111099252,0.18398761749267578,0.39606988430023193,0.18398761749267578,0.39606988430023193,0.18398761749267578,0.29002875089645386,10.604113340377808,10.604113340377808,0.0,0.02,0.23928472250699998,0.2558144748210907,0.298203045129776,0.3034012645483017,0.02,0.6666666666666666,0.02,0.6666666666666666,2.681810855865496e-05,0.26,HB_M,full,,0.29002875089645386,,0.29002875089645386,-0.39507448672262374,0.2043633613488348
42,HB_CL,1028.466667,1028.6999999999998,0.233333,1028.42,1028.6,0.18,-0.04666699999984303,-0.09999999999990905,102842,102860,102846.0,102847,102870,True,102842,102860,102842,102875,1028.42,1028.75,True,False,0.0,0,1028.3859306423305,1028.5966590469982,102839.0,102860.0,True,True,True,False,False,0.26,0,HB_CL,0.21858802265845811,0.25439995527267456,0.060182169257269616,0.0036218934965106483,0.02125406265258789,0.0725112035870552,-0.9814656195302137,2.6197709829486544,0.08606620877981186,0.27924561500549316,1028.46,0.26029870510101316,0.1742324963212013,-3.5568833351135254,2.590421587228775,-3.5568833351135254,2.590421587228775,-2.0771779119968414,1.1852240314086278,-86.1133262515068,114.6003045141697,0.04,0.14,0.09229547157883644,0.10988803654909134,0.27111823558807374,0.27592534720897677,0.18,0.9473684210526315,0.18,0.9473684210526315,0.016609528961777687,0.26,HB_CL,full,-2.2184712812304497,1.2624530387776238,-2.2184712812304497,1.2624530387776238,-2.3482556983458402,1.272757238110595
43,B_CL,1032.166667,1032.7666669999999,0.6,1032.26,1032.78,0.52,0.09333300000002964,0.013333000000102402,103226,103278,103248.0,103217,103277,True,103226,103278,103212,103282,1032.12,1032.82,True,False,0.0,0,1032.255345693126,1032.7791961810683,103226.0,103278.0,True,True,True,False,False,0.26,0,B_CL,0.21606158791747812,0.23205207288265228,0.057258498779196365,0.003278535682447232,0.028947070240974426,0.07093264162540436,-0.8728186336365723,2.4829136980308046,0.0998305082321167,0.2930367588996887,1032.48,0.27820258736610415,0.17837207913398745,-2.749214321374893,1.4037758111953735,-2.749214321374893,1.4037758111953735,-0.6956337100785711,0.538154931799058,-101.47906839847565,67.40987300872803,0.22,0.3,0.10390369743108749,0.10892292708158494,0.2743030786514282,0.2824077248573303,0.52,0.9811320754716981,0.52,0.9811320754716981,0.03411178108751775,0.26,B_CL,full,-0.7058829069137573,0.5372287829717001,-0.7058829069137573,0.5372287829717001,-0.7129598092132944,0.5353326743543211
44,B_CL,1035.866667,1036.166667,0.3,1035.77,1036.25,0.48,-0.09666700000002493,0.08333300000003874,103577,103625,103602.0,103587,103617,True,103577,103625,103577,103627,1035.77,1036.27,True,False,0.1,1,,,,,False,False,False,True,False,0.26,0,B_CL,0.19648706610651984,0.2297161966562271,0.06404027286801169,0.004101156549009393,0.03772638738155365,0.11182084679603577,-0.3509276075097613,1.6296343249758103,0.08162132650613785,0.3009907007217407,1036.02,0.24519966185092926,0.1635783353447914,-2.7537964284420013,2.568117529153824,-2.7537964284420013,2.568117529153824,-0.5958189471409872,0.7472838740795851,-91.02661162614822,108.26710611581802,0.25,0.23,0.09465191811323166,0.10443305522203446,0.2603465259075165,0.2718762576580047,0.48,0.9795918367346939,0.48,0.9795918367346939,0.042654047864675526,0.26,B_CL,full,-0.6214434206485748,0.7829611392124839,-0.6214434206485748,0.7829611392124839,,
45,HB_CL,1037.9,1038.0,0.1,1037.86,1038.18,0.32,-0.040000000000190994,0.18000000000006366,103786,103818,103793.0,103790,103800,True,103786,103818,103770,103820,1037.7,1038.2,True,False,0.2,3,1037.856366727543,1038.1761733649914,103786.0,103818.0,True,True,True,True,False,0.26,0,HB_CL,0.2471414422089199,0.24985893070697784,0.029756318491727024,0.0008854384901810956,0.022429361939430237,0.04742889106273651,-0.25526998114481303,2.1754123313091704,0.18617890775203705,0.2959090769290924,1037.93,0.27934847354888914,0.0931695657968521,-1.6421392560005188,1.0334394872188568,-1.6421392560005188,1.0334394872188568,-0.902590062469244,0.29749976327786076,-46.470947563648224,77.53793150186539,0.07,0.25,0.19534991681575775,0.20683121979236602,0.28828384876251223,0.2906204640865326,0.32,0.9696969696969697,0.32,0.9696969696969697,0.009966735464334492,0.26,HB_CL,full,-1.0254504425185067,0.30650442838668823,-1.0254504425185067,0.30650442838668823,-1.0025507462132623,0.29987440863292697
46,B_CL,1084.033333,1084.6000000000001,0.566667,1084.05,1084.58,0.53,0.016666999999870313,-0.020000000000209184,108405,108458,108423.0,108403,108460,True,108405,108458,108398,108465,1083.98,1084.65,True,False,0.0,0,1084.042002190057,1084.572660162882,108404.0,108457.0,True,True,True,False,False,0.26,0,B_CL,0.2102213895602806,0.23561786860227585,0.06396318485898372,0.0040912890173045256,0.02683473378419876,0.07529885694384575,-0.941504780846152,2.5841972009550758,0.06833328306674957,0.2922613024711609,1084.23,0.26959303140640256,0.201259748339653,-2.576056495308876,2.2704027593135834,-2.576056495308876,2.2704027593135834,-0.9587290451714867,0.538111985143688,-74.99054074287415,98.85601699352264,0.18,0.35000000000000003,0.08440440073609352,0.09707141593098641,0.2709500312805176,0.2779408201575279,0.53,0.9814814814814815,0.53,0.9814814814814815,0.038758571210503585,0.26,B_CL,full,-1.0095030897193484,0.5519703882081167,-1.0095030897193484,0.5519703882081167,-1.019515690057048,0.5593492844959579
47,HB_CL,1087.733333,1088.0,0.266667,1087.7,1087.74,0.04,-0.03333299999985684,-0.2599999999999909,108770,108774,108772.0,108773,108800,True,108770,108774,108768,108805,1087.68,1088.05,True,False,0.0,0,1087.6954199834965,1087.7394430621882,108770.0,108774.0,True,True,True,False,False,0.26,0,HB_CL,0.24181956827640533,0.2613047957420349,0.0476052359787501,0.002266258492592483,0.015290230512619019,0.0359133780002594,-1.2491295958216733,3.000262730014437,0.24682901799678802,0.2815209925174713,1087.72,0.27800499558448794,0.03117597758769991,-0.7165759801864624,0.8986473083496094,-0.7165759801864624,0.8986473083496094,-0.3403283655643463,0.5754284560680389,21.507367491722107,56.6023588180542,0.02,0.02,0.14259122908115388,0.14927567541599274,0.2790475070476532,0.2811372697353363,0.04,0.8,0.04,0.8,0.00037225746512413064,0.26,HB_CL,full,-0.4484735429286957,0.6835736334323883,-0.4484735429286957,0.6835736334323883,-0.5358410561420228,0.6774129443048373
48,HB_CL,1093.3,1093.7,0.4,1093.31,1093.67,0.36,0.009999999999990905,-0.029999999999972715,109331,109367,109347.0,109330,109370,True,109331,109367,109325,109375,1093.25,1093.75,True,False,0.0,0,1093.3074958443572,1093.6607693479887,109331.0,109366.0,True,True,True,False,False,0.26,0,HB_CL,0.23400987737011492,0.24892917275428772,0.041513531231918,0.0017233732753434308,0.026274144649505615,0.06300485134124756,-0.5037304491816357,2.07234747919619,0.152027890086174,0.3017614185810089,1093.47,0.28978726744651795,0.13775937736034394,-1.5094898641109467,1.3558834791183472,-1.5094898641109467,1.3558834791183472,-0.6319907219970927,0.5648392296972728,-45.681484043598175,56.05638027191162,0.16,0.2,0.1596594750881195,0.17073728740215302,0.2758935570716858,0.2844099104404449,0.36,0.972972972972973,0.36,0.972972972972973,0.017390217936038975,0.26,HB_CL,full,-0.6605631671845913,0.5779153853654861,-0.6605631671845913,0.5779153853654861,-0.6644267618061204,0.565982486454053
49,HB_CL,1122.666667,1123.1,0.433333,1122.68,1123.07,0.39,0.013333000000102402,-0.029999999999972715,112268,112307,112282.0,112267,112310,True,112268,112307,112262,112315,1122.62,1123.15,True,False,0.0,0,1122.6730131736526,1123.0625124219957,112267.0,112306.0,True,True,True,False,False,0.26,0,HB_CL,0.23541068956255912,0.24568980932235718,0.038734744826113665,0.0015003804567441392,0.013544566929340363,0.02589302882552147,-1.3683905750837577,4.316475049004254,0.12633343040943146,0.28192195296287537,1122.82,0.28015188574790956,0.1538184553384781,-2.8809696435928345,1.8300071358680725,-2.8809696435928345,1.8300071358680725,-0.8600026865800222,0.527241166967612,-117.88666248321533,107.68715292215347,0.14,0.25,0.14246088936924933,0.17762133479118347,0.27927232086658477,0.2803042083978653,0.39,0.975,0.39,0.975,0.01551658018827439,0.26,HB_CL,full,-0.873130772794996,0.5518447756767273,-0.873130772794996,0.5518447756767273,-0.9093778872042588,0.5511741150846476
50,HB_CL,1133.566667,1133.9666670000001,0.4,1133.57,1133.97,0.4,0.003332999999884123,0.003332999999884123,113357,113397,113371.0,113357,113397,True,113357,113397,113352,113402,1133.52,1134.02,True,False,0.0,0,1133.5680042170227,1133.9639497002534,113357.0,113396.0,True,True,True,False,False,0.26,0,HB_CL,0.22510295287996043,0.2322378158569336,0.04368560777040751,0.0019084323262698892,0.035317808389663696,0.07197883725166321,-0.5925407595293715,3.1549000028215284,0.17271387577056885,0.29008948802948,1133.71,0.2794994342327118,0.10678555846214294,-1.2146413326263428,0.9588263928890228,-1.2146413326263428,0.9588263928890228,-0.5965610345204672,0.34092736464959605,-42.639002203941345,45.931488275527954,0.14,0.26,0.17271387577056885,0.17782196402549744,0.28260746598243713,0.2881961464881897,0.4,0.975609756097561,0.4,0.975609756097561,0.018189462214708334,0.26,HB_CL,full,-0.6071433424949645,0.3501415252685547,-0.6071433424949645,0.3501415252685547,-0.6147092709320559,0.3437142242828524
51,HB_CL,1134.0,1134.3,0.3,1133.95,1133.97,0.02,-0.049999999999954525,-0.32999999999992724,113395,113397,113395.0,113400,113430,True,113395,113397,113395,113435,1133.95,1134.35,True,False,0.0,0,,,,,False,False,False,False,False,0.26,0,HB_CL,0.22199923869060434,0.2336706519126892,0.04665423098648843,0.0021766172689406172,0.018354982137680054,0.03685847669839859,-1.4844272445383035,4.365295576102757,0.2485674023628235,0.2696150839328766,1133.95,0.20240086674690247,-0.04616653561592102,0.6199151277542114,0.8984118700027466,0.6199151277542114,0.8984118700027466,0.8984118700027466,0.759163498878479,-13.924837112426758,-13.924837112426758,0.0,0.02,0.11491317972540856,0.14896096289157867,0.26679463386535646,0.2686390221118927,0.02,0.6666666666666666,0.02,0.6666666666666666,0.0001388107657432558,0.26,HB_CL,full,,0.759163498878479,,0.759163498878479,,
52,B_CL,1134.866667,1135.233334,0.366667,1134.9,1135.2,0.3,0.03333300000008421,-0.033333999999968,113490,113520,113500.0,113487,113524,True,113490,113520,113482,113529,1134.82,1135.29,True,False,0.0,0,1134.8973320687799,1135.1975578603108,113490.0,113520.0,True,True,True,False,False,0.26,0,B_CL,0.22326483869669483,0.226771742105484,0.06056283952961265,0.0036678575318896127,0.04193650186061859,0.08825984597206116,-0.29764296603258655,1.923887025891115,0.11232542991638184,0.3162502646446228,1135.0,0.30268882274627684,0.190363392829895,-3.381374478340149,2.7140408754348755,-3.381374478340149,2.7140408754348755,-1.4128605750474064,0.7296697192248844,-139.03241604566574,123.80125001072884,0.1,0.2,0.1239439956843853,0.1308738887310028,0.30139899253845215,0.31032559275627136,0.3,0.967741935483871,0.3,0.967741935483871,0.023370646342635158,0.26,B_CL,full,-1.4215067028999329,0.7532162964344025,-1.4215067028999329,0.7532162964344025,-1.4383709531165667,0.7475003518023002
53,HB_CL,1138.366667,1138.833334,0.466667,1138.43,1138.82,0.39,0.06333300000005693,-0.01333399999998619,113843,113882,113853.0,113837,113884,True,113843,113882,113832,113889,1138.32,1138.89,True,False,0.0,0,1138.4207356318468,1138.811522138508,113842.0,113881.0,True,True,True,False,False,0.26,0,HB_CL,0.23397373159726462,0.22421542555093765,0.032737726326094146,0.0010717587250022376,0.02652738243341446,0.05638947710394859,0.02068674413780424,1.8106343149076392,0.17004065215587616,0.28397640585899353,1138.53,0.27800035834312437,0.1079597061872482,-1.4123305678367615,1.5216387808322906,-1.4123305678367615,1.5216387808322906,-0.7522648708386854,0.3559580941994985,-67.80985742807388,83.93611758947372,0.1,0.29,0.18584723621606827,0.19226705580949782,0.27745979726314546,0.2791604369878769,0.39,0.975,0.39,0.975,0.01833154960870743,0.26,HB_CL,full,-0.7828278839588165,0.35154495773644284,-0.7828278839588165,0.35154495773644284,-0.8233182451393691,0.3195462648900765
54,HB_CL,1142.466667,1142.8,0.333333,1142.54,1142.7,0.16,0.07333300000004783,-0.09999999999990905,114254,114270,114260.0,114247,114280,True,114254,114270,114242,114285,1142.42,1142.85,True,False,0.0,0,1142.5335128597158,1142.696506974295,114253.0,114270.0,True,True,True,False,False,0.26,0,HB_CL,0.25250841395275014,0.2565327286720276,0.029933338863395702,0.0008960047755108756,0.01931348443031311,0.04648457467556,-0.2757230962393048,2.302329733923062,0.19270415604114532,0.3082083761692047,1142.6,0.2845510959625244,0.0918469399213791,-1.6298212110996246,1.3395890593528748,-1.6298212110996246,1.3395890593528748,-0.9023194866521018,0.6717138669707559,-55.49877882003784,87.78870105743408,0.06,0.1,0.19968816339969636,0.2105000227689743,0.28524650931358336,0.29850769639015196,0.16,0.9411764705882353,0.16,0.9411764705882353,0.005679744964838029,0.26,HB_CL,full,-1.0638095438480377,0.7030080258846283,-1.0638095438480377,0.7030080258846283,-1.0121633096452298,0.6973158618882817
55,HB_CL,1154.066667,1154.533334,0.466667,1154.02,1154.18,0.16,-0.0466670000000704,-0.35333399999990434,115402,115418,115414.0,115407,115454,True,115402,115418,115402,115459,1154.02,1154.59,True,False,0.0,0,,,,,False,False,False,False,False,0.26,0,HB_CL,0.22445965195829803,0.24386489391326904,0.0416901342097319,0.001738067290425458,0.004542902112007141,0.010811597108840942,-1.4809697596654314,3.4865942542562345,0.23564107716083527,0.2615948021411896,1154.14,0.2671620947122574,0.031521017551422115,-0.5398496985435486,0.9818479418754578,-0.5398496985435486,0.9818479418754578,-0.05324047345381517,0.5205202102661133,-34.12753343582153,56.902505457401276,0.12,0.04,0.1387537330389023,0.14119989275932313,0.25126987099647524,0.25705225467681886,0.16,0.9411764705882353,0.16,0.9411764705882353,0.002410702890157701,0.26,HB_CL,full,-0.06853180627028148,0.6488431245088577,-0.06853180627028148,0.6488431245088577,,
56,B_CL,1154.833333,1155.2333330000001,0.4,1154.79,1154.83,0.04,-0.04333300000007512,-0.40333300000020245,115479,115483,115481.0,115483,115523,True,115479,115483,115478,115528,1154.78,1155.28,True,False,0.0,0,1154.7800962844042,1154.827974032174,115478.0,115483.0,True,True,True,False,False,0.26,0,B_CL,0.24461208999156953,0.2547815144062042,0.027210856160065976,0.0007404306929638005,0.010427340865135193,0.01998935639858246,-1.8708598008118067,5.86153749372718,0.25363701581954956,0.27190783619880676,1154.81,0.25807406425476076,0.004437048435211199,-0.2920389175415039,0.5268692970275879,-0.2920389175415039,0.5268692970275879,-0.14814088741938272,0.31641672054926556,8.87945294380188,28.73823046684265,0.02,0.02,0.18334396183490753,0.2088263362646103,0.26689172387123106,0.27097979187965393,0.04,0.8,0.04,0.8,0.0001808083891868595,0.26,B_CL,full,-0.2032443881034851,0.3715202212333679,-0.2032443881034851,0.3715202212333679,-0.21278239354816522,0.3540098359009791
57,HB_M,1161.266667,1161.933334,0.666667,1161.22,1161.45,0.23,-0.0466670000000704,-0.4833340000000135,116122,116145,116141.0,116127,116194,True,116122,116145,116122,116199,1161.22,1161.99,True,False,0.0,0,1161.2196716355627,1161.4475928950292,116122.0,116145.0,True,True,True,False,False,0.26,0,HB_M,0.24650969796560027,0.24419686198234558,0.012233829720357383,0.00014966658962669958,0.010007470846176147,0.019492898136377335,0.1978432501221007,1.8646110116148054,0.22566506266593933,0.2685914933681488,1161.41,0.25832643151283263,0.0326613688468933,-0.8215747773647308,1.197175681591034,-0.8215747773647308,1.197175681591034,-0.17875388264656067,0.7813785970211029,-47.06628620624542,67.53575056791306,0.19,0.04,0.22903498411178588,0.23035146594047545,0.2642325758934021,0.2658389985561371,0.23,0.9583333333333334,0.23,0.9583333333333334,0.004523202735185625,0.26,HB_M,full,-0.17986595630645752,0.9151779115200043,-0.17986595630645752,0.9151779115200043,-0.18039842582346766,0.9133358127244333
58,HB_M,1163.9,1164.0,0.1,1163.77,1163.8,0.03,-0.13000000000010914,-0.20000000000004547,116377,116380,116378.0,116390,116400,True,116377,116380,116375,116415,1163.75,1164.15,True,False,0.15,2,1163.7655131470717,1163.7911166897527,116377.0,116379.0,True,True,True,True,False,0.26,0,HB_M,0.2746445008864005,0.2796858102083206,0.016707337680879678,0.000279135132382942,0.01011553406715393,0.026383474469184875,-0.9966944959192152,3.280704056930675,0.2548450231552124,0.29259711503982544,1163.78,0.2737948083877563,0.018949785232543925,-0.18841922283172607,0.8606195449829102,-0.18841922283172607,0.8606195449829102,-0.036466121673583984,0.5387042959531149,22.061318159103394,41.421279311180115,0.01,0.02,0.2460237205028534,0.2554102808237076,0.290812811255455,0.2923385724425316,0.03,0.75,0.03,0.75,9.386806488037137e-05,0.26,HB_M,full,-0.18841922283172607,0.6400063633918762,-0.18841922283172607,0.6400063633918762,-0.3558382811171141,0.4637150950015267
59,HB_CL,1179.433333,1179.8,0.366667,1179.44,1179.77,0.33,0.006667000000106782,-0.029999999999972715,117944,117977,117955.0,117943,117980,True,117944,117977,117938,117985,1179.38,1179.85,True,False,0.0,0,1179.434221510616,1179.7658069949107,117943.0,117977.0,True,True,True,False,False,0.26,0,HB_CL,0.22459005067745844,0.23613443970680237,0.0583736930875908,0.0034074880446842456,0.03831665217876434,0.07313133031129837,-0.829155546676488,2.6238639866682507,0.09402874112129211,0.3000842332839966,1179.55,0.27611359596252444,0.18208485484123232,-2.8708145022392273,1.541958749294281,-2.8708145022392273,1.541958749294281,-1.3417082838714123,0.7664229558861774,-74.96614009141922,91.02268144488335,0.11,0.22,0.1057334527373314,0.12635085135698318,0.28256030976772306,0.28806716650724407,0.33,0.9705882352941176,0.33,0.9705882352941176,0.02292767347693444,0.26,HB_CL,full,-1.4629513025283813,0.7795373147184198,-1.4629513025283813,0.7795373147184198,-1.4335241352847283,0.7690726565529472
60,HB_CL,1208.7,1209.033333,0.333333,1208.66,1208.67,0.01,-0.03999999999996362,-0.36333300000001145,120866,120867,120866.0,120870,120903,True,120866,120867,120865,120908,1208.65,1209.08,True,False,0.0,0,1208.6521395574389,1208.6635660981472,120865.0,120866.0,True,True,True,False,False,0.26,0,HB_CL,0.2582912980155511,0.25927573442459106,0.014735044842036712,0.00021712154649683273,0.012620985507965088,0.02503068745136261,-0.48865255926528195,2.72684050721644,0.25800973176956177,0.28004854917526245,1208.66,0.28018623173236845,0.022176499962806684,0.5581080913543701,0.5581080913543701,0.5581080913543701,0.5581080913543701,0.5581080913543701,0.5581080913543701,0.0,0.0,0.0,0.01,0.24026708751916886,0.24230085164308549,0.2749961644411087,0.2776642367243767,0.01,0.5,0.01,0.5,1.9902682304382414e-05,0.26,HB_CL,full,,0.5581080913543701,,0.5581080913543701,-0.2532005310061699,0.5581080913520029
61,FC_CL,1215.133333,1215.966666,0.833333,1215.1,1215.14,0.04,-0.03333300000008421,-0.826665999999932,121510,121514,121512.0,121513,121596,True,121510,121514,121508,121601,1215.08,1216.01,True,False,0.0,0,1215.0970505477371,1215.1327706560287,121510.0,121513.0,True,True,True,False,False,0.26,0,FC_CL,0.25177510499954225,0.25675269961357117,0.019510800957089187,0.0003806713539871524,0.01158025860786438,0.026871472597122192,-0.7048678967534459,2.095509688769776,0.24810710549354553,0.2755470871925354,1215.12,0.2759847044944763,0.027877599000930786,-0.8493959903717041,1.1840909719467163,-0.8493959903717041,1.1840909719467163,-0.28621604045232135,0.8765911062558492,16.143620014190674,72.74672389030457,0.02,0.02,0.21968038380146027,0.22056794464588164,0.272259795665741,0.27380183935165403,0.04,0.8,0.04,0.8,0.00030162163972854647,0.26,FC_CL,full,-0.43227970600128174,1.0226547718048096,-0.43227970600128174,1.0226547718048096,-0.5182212791087224,0.9312673115326482
62,B_CL,1221.866667,1222.4,0.533333,1221.77,1221.78,0.01,-0.09666700000002493,-0.6200000000001182,122177,122178,122177.0,122187,122240,True,122177,122178,122177,122250,1221.77,1222.5,True,False,0.1,1,,,,,False,False,False,True,False,0.26,0,B_CL,0.2572546662254767,0.25536856055259705,0.010560730519483722,0.00011152902910515494,0.007963918149471283,0.01754634454846382,0.2543660802739087,1.8307737105052615,0.25415897369384766,0.27481502294540405,1221.77,0.2539368408918381,-0.00022213280200955587,0.7209748029708862,0.7209748029708862,0.7209748029708862,0.7209748029708862,0.7209748029708862,0.7209748029708862,0.0,0.0,0.0,0.01,0.24322163984179496,0.2439347490668297,0.27343243062496186,0.27379239052534105,0.01,0.5,0.01,0.5,5.8410263061523524e-05,0.26,B_CL,full,,0.7209748029708862,,0.7209748029708862,,
63,HB_CL,1223.9,1224.2333330000001,0.333333,1223.85,1223.86,0.01,-0.0500000000001819,-0.37333300000022973,122385,122386,122385.0,122390,122423,True,122385,122386,122385,122428,1223.85,1224.28,True,False,0.0,0,1223.8339378491605,1223.8565377632333,122383.0,122386.0,True,True,True,False,False,0.26,0,HB_CL,0.26818122511560266,0.26602235436439514,0.012767016777128467,0.00016299671738747974,0.0094795823097229,0.01803658902645111,0.48275652355185217,2.25124528103844,0.25574302673339844,0.29375606775283813,1223.85,0.2618140983581543,0.006071071624755842,0.651136040687561,0.651136040687561,0.651136040687561,0.651136040687561,0.651136040687561,0.651136040687561,0.0,0.0,0.0,0.01,0.25224723368883134,0.254033762216568,0.2862906098365784,0.2924412727355957,0.01,0.5,0.01,0.5,4.256973266601571e-05,0.26,HB_CL,full,,0.651136040687561,,0.651136040687561,-0.2650313341699115,0.6511360406668301
64,HB_CL,1226.133333,1226.733333,0.6,1226.15,1226.34,0.19,0.016667000000097687,-0.39333299999998417,122615,122634,122620.0,122613,122673,True,122615,122634,122608,122678,1226.08,1226.78,True,False,0.0,0,1226.1493694273136,1226.3316043754062,122615.0,122633.0,True,True,True,False,False,0.26,0,HB_CL,0.24662360101938247,0.26125670969486237,0.048828075217387544,0.002384180929434856,0.03621570020914078,0.06785282120108604,-0.557785296213891,2.1233953807107695,0.14831718802452087,0.3204605281352997,1226.2,0.2961752283573151,0.1478580403327942,-2.900826930999756,1.8630631268024445,-2.900826930999756,1.8630631268024445,-2.0544702808062234,0.8812062442302704,-43.3417409658432,97.21677750349045,0.05,0.14,0.15581610053777695,0.17255466878414155,0.29857170581817627,0.3026077702641487,0.19,0.95,0.19,0.95,0.010848442041873935,0.26,HB_CL,full,-2.2052866220474243,0.9069093636104038,-2.2052866220474243,0.9069093636104038,-2.205837422915175,0.8486253715411625
65,HB_CL,1227.866667,1229.333334,1.466667,1227.9,1228.11,0.21,0.03333300000008421,-1.2233340000000226,122790,122811,122800.0,122787,122934,True,122790,122811,122782,122939,1227.82,1229.39,True,False,0.0,0,1227.89113178869,1228.100773190665,122789.0,122810.0,True,True,True,False,False,0.26,0,HB_CL,0.23895864011276335,0.2577531188726425,0.04499914588607226,0.002024923130476014,0.0193566232919693,0.055843785405159,-1.2657247596847914,3.5580377215182986,0.12104630470275879,0.28091302514076233,1228.0,0.267559050321579,0.14651274561882022,-3.433678299188614,2.374717593193054,-3.433678299188614,2.374717593193054,-1.1718978258696469,1.2585292259852092,-133.25151056051254,183.76577645540237,0.1,0.11,0.13609011322259904,0.16761305928230286,0.2778578668832779,0.2792686685919762,0.21,0.9545454545454546,0.21,0.9545454545454546,0.011364997690916064,0.26,HB_CL,full,-1.2671297788619995,1.3767572966488926,-1.2671297788619995,1.3767572966488926,-1.2763477384743303,1.3788756154319979
66,HB_CL,1228.0,1228.166667,0.166667,1227.95,1228.11,0.16,-0.049999999999954525,-0.05666700000006131,122795,122811,122800.0,122800,122817,True,122795,122811,122795,122822,1227.95,1228.22,True,False,0.0,0,,,,,False,False,False,False,False,0.26,0,HB_CL,0.23388085051162824,0.24875308573246002,0.0456140830638427,0.0020806445737551415,0.02373848855495453,0.061527907848358154,-1.1212038534895088,3.186883710266768,0.12104630470275879,0.28091302514076233,1228.0,0.26222776651382446,0.14118146181106567,-3.433678299188614,2.374717593193054,-3.433678299188614,2.374717593193054,-2.2053319960832596,1.2585292259852092,-94.54157203435898,183.76577645540237,0.05,0.11,0.13379477560520173,0.15960291922092437,0.27665765285491944,0.2777974963188171,0.16,0.9411764705882353,0.16,0.9411764705882353,0.010456921941041947,0.26,HB_CL,full,-2.560639977455139,1.3767572966488926,-2.560639977455139,1.3767572966488926,,
67,B_CL,1254.7,1255.633333,0.933333,1254.91,1255.58,0.67,0.21000000000003638,-0.05333300000006602,125491,125558,125527.0,125470,125563,True,125491,125558,125465,125568,1254.65,1255.68,True,False,0.0,0,1254.9001953358013,1255.570870163733,125490.0,125557.0,True,True,True,False,False,0.26,0,B_CL,0.22402666221288117,0.22062863409519196,0.03693436610738258,0.001364147399754171,0.0367172509431839,0.05077328160405159,-0.4484797235608921,2.2119804579401,0.1438029557466507,0.27952805161476135,1255.27,0.27419897556304934,0.13039601981639865,-1.211574673652649,1.463521271944046,-1.211574673652649,1.463521271944046,-0.3041283504382984,0.3535716328769922,-49.93356764316559,69.55713033676147,0.36,0.31,0.15921896919608117,0.1660725802183151,0.26223385632038115,0.27501542717218397,0.67,0.9852941176470589,0.67,0.9852941176470589,0.032890502196550375,0.26,B_CL,full,-0.3072468356953727,0.37682868780628326,-0.3072468356953727,0.37682868780628326,-0.3142119489085758,0.3862032805502244
68,HB_CL,1263.8,1264.566667,0.766667,1263.75,1264.48,0.73,-0.049999999999954525,-0.08666700000003402,126375,126448,126430.0,126380,126457,True,126375,126448,126375,126462,1263.75,1264.62,True,False,0.0,0,,,,,False,False,False,False,False,0.26,0,HB_CL,0.222722423520494,0.22233164310455322,0.01977799894568773,0.00039116924229562494,0.014168724417686462,0.026218656450510025,-0.4754273496253922,3.190713570114537,0.16452649235725403,0.2606854736804962,1264.3,0.2458723759651184,0.08134588360786438,-1.92132368683815,1.8009774386882782,-1.92132368683815,1.8009774386882782,-0.11160529351660184,0.5110050502576327,-118.16997081041336,123.7095519900322,0.55,0.18,0.18932993784546853,0.20019508004188538,0.24742062240839005,0.2530208393931389,0.73,0.9864864864864865,0.73,0.9864864864864865,0.03094518970251084,0.26,HB_CL,full,-0.1224502921104431,0.5342165629069011,-0.1224502921104431,0.5342165629069011,,
69,HB_CL,1278.1,1278.5333329999999,0.433333,1278.13,1278.55,0.42,0.03000000000020009,0.016667000000097687,127813,127855,127821.0,127810,127853,True,127813,127855,127805,127858,1278.05,1278.58,True,False,0.0,0,1278.1214431603275,1278.54799554641,127812.0,127855.0,True,True,True,False,False,0.26,0,HB_CL,0.21742172870371076,0.22366853058338165,0.04625290386619176,0.002139331116055177,0.03883734345436096,0.07515102624893188,-0.17288200857124,1.6864874843076634,0.13818944990634918,0.2905833125114441,1278.21,0.27782023906707765,0.13963078916072846,-2.2516727447509766,1.7789609730243683,-2.2516727447509766,1.7789609730243683,-1.2856857644187079,0.36346573914800373,-61.201415956020355,77.32760161161423,0.08,0.34,0.14241237193346024,0.15351080596446992,0.27267858982086185,0.28495246171951294,0.42,0.9767441860465116,0.42,0.9767441860465116,0.02360214768052102,0.26,HB_CL,full,-1.3090558350086212,0.36381627706920394,-1.3090558350086212,0.36381627706920394,-1.375506968678425,0.360390991501131
70,HB_CL,1278.566667,1278.9,0.333333,1278.52,1278.55,0.03,-0.0466670000000704,-0.3500000000001364,127852,127855,127852.0,127857,127890,True,127852,127855,127852,127895,1278.52,1278.95,True,False,0.0,0,,,,,False,False,False,False,False,0.26,0,HB_CL,0.23280074261128902,0.2466639280319214,0.034378381512318645,0.0011818731154065326,0.009544894099235535,0.023371729999780655,-1.1511387524357437,2.7518962002629728,0.24308939278125763,0.2692372798919678,1278.52,0.2196889740228653,-0.023400418758392327,0.2481907606124878,0.9413957595825195,0.2481907606124878,0.9413957595825195,0.2481907606124878,0.6186380982398987,12.56115734577179,28.379671275615692,0.0,0.03,0.16453191861510277,0.16877530366182328,0.26073134541511533,0.2680288732051849,0.03,0.75,0.03,0.75,0.0003886628031730655,0.26,HB_CL,full,,0.626586377620697,,0.626586377620697,,
71,HB_CL,1279.366667,1279.733334,0.366667,1279.41,1279.64,0.23,0.04333300000007512,-0.09333399999991343,127941,127964,127946.0,127937,127974,True,127941,127964,127932,127979,1279.32,1279.79,True,False,0.0,0,1279.4002826069723,1279.6363992469276,127940.0,127964.0,True,True,True,False,False,0.26,0,HB_CL,0.23380197720094162,0.22737779468297958,0.032168258730746205,0.0010347968697682296,0.023605503141880035,0.05323326960206032,-0.16329784919772797,1.944593460819605,0.17008139193058014,0.2846851050853729,1279.46,0.2835559558868408,0.11347456395626065,-1.9994452595710754,1.8430933356285095,-1.9994452595710754,1.8430933356285095,-1.4531782517830532,0.5101157646430167,-35.82071512937546,86.70847862958908,0.05,0.18,0.17855737954378129,0.19361823350191115,0.2728365272283554,0.2764203682541847,0.23,0.9583333333333334,0.23,0.9583333333333334,0.011332380878925324,0.26,HB_CL,full,-1.5996596217155457,0.5252923402521346,-1.5996596217155457,0.5252923402521346,-1.505735657743952,0.5097448522915784
72,HB_CL,1279.933333,1280.3,0.366667,1279.98,1280.25,0.27,0.0466670000000704,-0.049999999999954525,127998,128025,128003.0,127993,128030,True,127998,128025,127988,128035,1279.88,1280.35,True,False,0.0,0,1279.9733236678092,1280.2470987772278,127997.0,128025.0,True,True,True,False,False,0.26,0,HB_CL,0.22863130364567041,0.2387193962931633,0.04526125905698031,0.002048581571423082,0.033827655017375946,0.0770331472158432,-0.7502627690660763,2.332206480164578,0.13038790225982666,0.278962105512619,1280.03,0.2741299748420715,0.14374207258224486,-2.9663577675819397,1.2340307235717773,-2.9663577675819397,1.2340307235717773,-2.1853229651848474,0.5749721889910491,-33.98098051548004,111.90932244062424,0.05,0.22,0.140683401376009,0.16085921376943588,0.2748668432235718,0.27760606110095976,0.27,0.9642857142857143,0.27,0.9642857142857143,0.01667169828414917,0.26,HB_CL,full,-2.380422055721283,0.6037155335599725,-2.380422055721283,0.6037155335599725,-2.2868822439637455,0.5970190131661942
73,HB_CL,1290.366667,1290.7,0.333333,1290.4,1290.63,0.23,0.03333300000008421,-0.06999999999993634,129040,129063,129044.0,129037,129070,True,129040,129063,129032,129075,1290.32,1290.75,True,False,0.0,0,1290.3914169236807,1290.6290990582145,129039.0,129063.0,True,True,True,False,False,0.26,0,HB_CL,0.24528150700710036,0.25406022369861603,0.03673104846032357,0.0013491699209946385,0.02151690423488617,0.05460045486688614,-0.6907333281008619,2.6252319070015817,0.1611250787973404,0.29655778408050537,1290.44,0.29095486760139466,0.12982978880405427,-3.0661553144454956,1.5155814588069916,-3.0661553144454956,1.5155814588069916,-1.6964009404182434,0.4917939379811287,-59.12378430366516,119.9188083410263,0.04,0.19,0.17156743556261062,0.19018366932868958,0.2878629595041275,0.2952852636575699,0.23,0.9583333333333334,0.23,0.9583333333333334,0.009624366420507435,0.26,HB_CL,full,-1.851888746023178,0.5209074992882577,-1.851888746023178,0.5209074992882577,-2.035172094758576,0.5228736839637927
74,HB_CL,1290.966667,1291.366667,0.4,1291.03,1291.24,0.21,0.06333300000005693,-0.12666699999999764,129103,129124,129107.0,129097,129137,True,129103,129124,129092,129142,1290.92,1291.42,True,False,0.0,0,1291.021619297524,1291.2363513422636,129102.0,129124.0,True,True,True,False,False,0.26,0,HB_CL,0.24421941276107514,0.257953017950058,0.043021841579882904,0.0018508788529245414,0.027810238301753998,0.06833859160542488,-0.5531544595230194,2.2964320253576203,0.14820444583892822,0.30743658542633057,1291.07,0.2880194664001465,0.13981502056121825,-3.0006617307662964,1.9211269915103912,-3.0006617307662964,1.9211269915103912,-2.188998907804489,0.6370637151930068,-85.38421243429184,159.6439629793167,0.04,0.17,0.16094079166650774,0.1881834700703621,0.29213173389434816,0.3009243607521057,0.21,0.9545454545454546,0.21,0.9545454545454546,0.010978563195466999,0.26,HB_CL,full,-2.4753306061029434,0.6798013168222764,-2.4753306061029434,0.6798013168222764,-2.3107468151522683,0.672044797714373
75,HB_CL,1291.4,1291.7,0.3,1291.42,1291.73,0.31,0.01999999999998181,0.029999999999972715,129142,129173,129149.0,129140,129170,True,129142,129173,129135,129175,1291.35,1291.75,True,False,0.0,0,1291.411735855977,1291.724929105938,129141.0,129172.0,True,True,True,False,False,0.26,0,HB_CL,0.21792186581744596,0.22587639838457108,0.06860807712880719,0.004707068247312357,0.04501352459192276,0.08160116896033287,-0.9370337875649853,2.8753128407878656,0.05821911245584488,0.3049326539039612,1291.49,0.26372156202793123,0.20550244957208635,-3.6169879138469696,2.4563025683164597,-3.6169879138469696,2.4563025683164597,-2.4747462943196297,0.8181362897157669,-59.82857197523117,115.45082554221153,0.07,0.24,0.07157243452966214,0.09881501570343973,0.27922740280628205,0.2956515535712242,0.31,0.96875,0.31,0.96875,0.0257903434842825,0.26,HB_CL,full,-2.6769153773784633,0.8545269258320332,-2.6769153773784633,0.8545269258320332,-2.5782034680503956,0.8589011852685707
76,HB_CL,1302.5,1302.833333,0.333333,1302.54,1302.79,0.25,0.03999999999996362,-0.04333300000007512,130254,130279,130266.0,130250,130283,True,130254,130279,130245,130288,1302.45,1302.88,True,False,0.0,0,1302.5349003650315,1302.7807207225242,130253.0,130278.0,True,True,True,False,False,0.26,0,HB_CL,0.22701718156104503,0.25122080743312836,0.06586957570394247,0.004338801003417409,0.03475124388933182,0.07827144116163254,-0.9850947979245434,2.789925659034984,0.0764295756816864,0.3010297417640686,1302.66,0.2895764362812042,0.21314686059951782,-2.7960583567619324,2.840515971183777,-2.7960583567619324,2.840515971183777,-1.360160427597853,1.3516274679984366,-79.28930222988129,121.30932882428169,0.12,0.13,0.0878971703350544,0.11196581274271011,0.29201920330524445,0.29671574383974075,0.25,0.9615384615384616,0.25,0.9615384615384616,0.019232234135270122,0.26,HB_CL,full,-1.4841978748639426,1.449483403792748,-1.4841978748639426,1.449483403792748,-1.4673937646932504,1.5206206563391929
77,HB_CL,1304.033333,1304.3000000000002,0.266667,1304.06,1304.24,0.18,0.02666699999986122,-0.060000000000172804,130406,130424,130415.0,130403,130430,True,130406,130424,130398,130435,1303.98,1304.35,True,False,0.0,0,1304.059154957208,1304.2391556478722,130406.0,130424.0,True,True,True,False,False,0.26,0,HB_CL,0.2361567551508928,0.261037141084671,0.04966984174190099,0.00246709317866549,0.017671555280685425,0.05774548649787903,-1.0748735723836143,2.710588598849666,0.1276155412197113,0.2863594889640808,1304.15,0.2746241903305054,0.1470086491107941,-2.484031021595001,2.183985710144043,-2.484031021595001,2.183985710144043,-1.3375243544578552,1.3385575264692307,-59.05121564865112,91.6767492890358,0.09,0.09,0.13546648174524306,0.1486127704381943,0.28183217644691466,0.2848796993494034,0.18,0.9473684210526315,0.18,0.9473684210526315,0.011594406145811082,0.26,HB_CL,full,-1.4666193061404758,1.480953229798211,-1.4666193061404758,1.480953229798211,-1.4572557259201846,1.4848690121150743
78,FC_CL,1327.6,1328.366667,0.766667,1327.58,1327.59,0.01,-0.01999999999998181,-0.7766670000000886,132758,132759,132758.0,132760,132837,True,132758,132759,132755,132842,1327.55,1328.42,True,False,0.0,0,1327.577303748013,1327.5878140648479,132758.0,132759.0,True,True,True,False,False,0.26,0,FC_CL,0.26619975675236096,0.26374830305576324,0.018206418979692378,0.0003314736920641029,0.014260485768318176,0.023045353591442108,-0.1412149757132527,2.140388943754198,0.2581247091293335,0.2967981994152069,1327.58,0.2758163523674011,0.0176916432380676,0.23998916149139404,0.23998916149139404,0.23998916149139404,0.23998916149139404,0.23998916149139404,0.23998916149139404,0.0,0.0,0.0,0.01,0.23402159735560418,0.24144151359796523,0.29005743861198424,0.2938929170370102,0.01,0.5,0.01,0.5,1.8752908706665127e-05,0.26,FC_CL,full,,0.23998916149139404,,0.23998916149139404,-0.6955176592486749,0.2399891614877168
79,HB_CL,1328.366667,1328.7,0.333333,1328.32,1328.74,0.42,-0.0466670000000704,0.03999999999996362,132832,132874,132847.0,132837,132870,True,132832,132874,132832,132875,1328.32,1328.75,True,False,0.0,0,,,,,False,False,False,False,False,0.26,0,HB_CL,0.22113592828076983,0.23219269514083862,0.03582255063695664,0.0012832551341373228,0.019928157329559326,0.05907575786113739,-0.8073142252511462,2.451835315182855,0.13994917273521423,0.2683925926685333,1328.47,0.17519702017307281,0.03524784743785858,-2.254030853509903,1.1480197310447693,-2.254030853509903,1.1480197310447693,-0.6677206140011549,0.46000171984945026,-97.2013920545578,66.70225411653519,0.15,0.27,0.1489623710513115,0.1633969336748123,0.2536334216594696,0.25965052247047427,0.42,0.9767441860465116,0.42,0.9767441860465116,0.02049534035921097,0.26,HB_CL,full,-0.685693124930064,0.4687633779313829,-0.685693124930064,0.4687633779313829,,
80,B_CL,1342.533333,1342.7333330000001,0.2,1342.51,1342.81,0.3,-0.023333000000093307,0.07666699999981574,134251,134281,134262.0,134253,134273,True,134251,134281,134243,134283,1342.43,1342.83,True,False,0.1,1,1342.5033424670378,1342.806136451936,134250.0,134281.0,True,True,True,True,False,0.26,0,B_CL,0.21074501183979652,0.24027569591999054,0.06962557993487115,0.004847721381267132,0.030883267521858215,0.10272189229726791,-0.9745622751974345,2.6487896040641012,0.049805689603090286,0.27967172861099243,1342.62,0.27530887007713317,0.22550318047404289,-3.5020869225263596,2.169926092028618,-3.5020869225263596,2.169926092028618,-1.6769647753487031,1.0856192838400602,-88.78566324710846,155.51023185253143,0.11,0.19,0.06575166061520576,0.0988638624548912,0.2726399600505829,0.2762876898050308,0.3,0.967741935483871,0.3,0.967741935483871,0.02693053930252791,0.26,B_CL,full,-1.8215936354615472,1.1226762870424671,-1.8215936354615472,1.1226762870424671,-1.8018065791360713,1.129248506730042
81,HB_M,1352.866667,1352.966667,0.1,1352.67,1352.68,0.01,-0.19666699999993398,-0.2866669999998521,135267,135268,135267.0,135287,135297,True,135267,135268,135267,135317,1352.67,1353.17,True,False,0.2,3,1352.6397508092298,1352.6739678131482,135264.0,135267.0,True,True,True,True,False,0.26,0,HB_M,0.24405855888670142,0.25382931530475616,0.022543842571342374,0.0005082248378814688,0.011049628257751465,0.039702702313661575,-0.6761059514870958,1.9433549009057587,0.2577652633190155,0.2707480192184448,1352.67,0.25720435798168184,-0.0005609053373336614,0.5632162094116211,0.5632162094116211,0.5632162094116211,0.5632162094116211,0.5632162094116211,0.5632162094116211,0.0,0.0,0.0,0.01,0.20426498726010323,0.20869424492120742,0.2666219353675842,0.26896608918905257,0.01,0.5,0.01,0.5,2.234736680984506e-05,0.26,HB_M,full,,0.5632162094116211,,0.5632162094116211,-0.07387756908787442,0.5632162094170095
82,HB_CL,1366.233333,1366.766666,0.533333,1366.3,1366.82,0.52,0.06666700000005221,0.05333399999994981,136630,136682,136647.0,136623,136676,True,136630,136682,136613,136686,1366.13,1366.86,True,False,0.1,1,1366.2964571272262,1366.8185715050795,136630.0,136682.0,True,True,True,True,False,0.26,0,HB_CL,0.2409726675242594,0.2390846312046051,0.032865281962985785,0.0010801267585065588,0.02157038450241089,0.046578675508499146,-0.1742628032864631,2.370467688297996,0.17012803256511688,0.30017244815826416,1366.47,0.27676405787467956,0.10663602530956268,-1.8750675022602081,1.675601303577423,-1.8750675022602081,1.675601303577423,-0.48215728667047286,0.2539086672994826,-97.70914912223816,103.04130613803864,0.17,0.35000000000000003,0.1839533269405365,0.1899392932653427,0.2850329518318176,0.29076076745986934,0.52,0.9811320754716981,0.52,0.9811320754716981,0.018454919052124024,0.26,HB_CL,full,-0.4977788118755116,0.2586485232625689,-0.4977788118755116,0.2586485232625689,-0.5178660811498615,0.25782935818117253
83,FC_CL,1367.033333,1367.533333,0.5,1366.98,1367.0,0.02,-0.05333300000006602,-0.5333330000000842,136698,136700,136698.0,136703,136753,True,136698,136700,136698,136758,1366.98,1367.58,True,False,0.0,0,1366.9614993383987,1366.995251345231,136696.0,136700.0,True,True,True,False,False,0.26,0,FC_CL,0.2653812545797099,0.2655620276927948,0.01725897363794879,0.00029787217103541134,0.012318402528762817,0.024500906467437744,0.030263685736516843,2.0765913802852616,0.24913275241851807,0.2987078130245209,1366.98,0.2662844121456146,0.017151659727096535,0.4716426134109497,1.1712849140167236,0.4716426134109497,1.1712849140167236,0.4716426134109497,0.8214637637138367,34.982115030288696,34.982115030288696,0.0,0.02,0.24052485972642898,0.24178491830825805,0.28553329706192015,0.29264236986637115,0.02,0.6666666666666666,0.02,0.6666666666666666,0.00017018069028854388,0.26,FC_CL,full,,0.8214637637138367,,0.8214637637138367,-0.5873977815301492,0.7125435439863707
84,HB_CL,1368.833333,1369.166666,0.333333,1368.84,1369.16,0.32,0.006666999999879408,-0.00666599999999562,136884,136916,136894.0,136883,136916,True,136884,136916,136878,136921,1368.78,1369.21,True,False,0.0,0,1368.8393818021743,1369.1564437362083,136884.0,136916.0,True,True,True,False,False,0.26,0,HB_CL,0.23534320210510828,0.23674817383289337,0.04532585178459839,0.0020544328399993805,0.03292788565158844,0.056875184178352356,-0.6787622152363163,2.60588151266974,0.12636807560920715,0.29427629709243774,1368.94,0.28523324012756346,0.1588651645183563,-3.6528147757053375,2.3972302675247192,-3.6528147757053375,2.3972302675247192,-1.289864561774514,0.6384948025579038,-180.48901110887527,179.62824553251266,0.1,0.22,0.14637698233127594,0.17222760915756224,0.28407859802246094,0.2921051263809204,0.32,0.9696969696969697,0.32,0.9696969696969697,0.017013116252422335,0.26,HB_CL,full,-1.3222149014472961,0.646168670871041,-1.3222149014472961,0.646168670871041,-1.3281089035429716,0.6173979747892584
85,HB_M,1371.6,1371.6999999999998,0.1,1371.55,1371.74,0.19,-0.049999999999954525,0.040000000000190994,137155,137174,137164.0,137160,137170,True,137155,137174,137155,137175,1371.55,1371.75,True,False,0.0,0,,,,,False,False,False,False,False,0.26,0,HB_M,0.2373225312680006,0.2410745471715927,0.020907708911199304,0.00043713229191544284,0.018889322876930237,0.03989734128117561,-0.05829091179634538,1.6643415931855228,0.20495279133319855,0.27298080921173096,1371.64,0.27031264185905457,0.06535985052585602,-0.7276639342308044,0.7311195135116577,-0.7276639342308044,0.7311195135116577,-0.19178204238414764,0.5181836810978976,-18.890276551246643,32.740384340286255,0.09,0.1,0.20696169286966323,0.2103627011179924,0.26364518105983736,0.2679299861192703,0.19,0.95,0.19,0.95,0.007540990883111955,0.26,HB_M,full,-0.17567376295725506,0.552351325750351,-0.17567376295725506,0.552351325750351,,
86,HB_CL,1382.433333,1383.1666659999999,0.733333,1382.38,1382.45,0.07,-0.05333299999983865,-0.7166659999998046,138238,138245,138242.0,138243,138316,True,138238,138245,138238,138321,1382.38,1383.21,True,False,0.0,0,1382.3480083581471,1382.4474840197124,138235.0,138245.0,True,True,True,False,False,0.26,0,HB_CL,0.2578750396413462,0.25261491537094116,0.01713662838216678,0.00029366403230848397,0.0128394216299057,0.024943843483924866,0.37394283435838843,2.054619478107704,0.24471653997898102,0.2910463809967041,1382.42,0.2829916954040527,0.038275155425071705,-0.3120608627796173,0.9663760662078857,-0.3120608627796173,0.9663760662078857,-0.11593937873840332,0.529668852686882,-16.75289124250412,44.16566342115402,0.04,0.03,0.2336860030889511,0.2371661514043808,0.28415735960006716,0.28652122169733046,0.07,0.875,0.07,0.875,0.0007393410027027135,0.26,HB_CL,full,-0.17269887030124664,0.5904947717984518,-0.17269887030124664,0.5904947717984518,-0.21229492240554404,0.5560853245259887
87,HB_M,1383.3,1383.6,0.3,1383.25,1383.27,0.02,-0.049999999999954525,-0.32999999999992724,138325,138327,138325.0,138330,138360,True,138325,138327,138325,138365,1383.25,1383.65,True,False,0.0,0,,,,,False,False,False,False,False,0.26,0,HB_M,0.24461720559907996,0.24177293479442596,0.011714740185184886,0.00013723513760638563,0.00618387758731842,0.012026675045490265,0.9834484080842906,2.9735271320996195,0.24672207236289978,0.2716906666755676,1383.25,0.23849914133548736,-0.008222931027412422,0.9840577840805054,1.2971878051757812,0.9840577840805054,1.2971878051757812,1.2971878051757812,1.1406227946281433,-15.656501054763794,-15.656501054763794,0.0,0.02,0.23178185522556305,0.2323673725128174,0.26401459574699404,0.2690905511379242,0.02,0.6666666666666666,0.02,0.6666666666666666,0.00013583977222442645,0.26,HB_M,full,,1.1406227946281433,,1.1406227946281433,,
88,B_CL,1383.666667,1384.1333339999999,0.466667,1383.62,1384.15,0.53,-0.0466670000000704,0.0166660000002139,138362,138415,138383.0,138367,138414,True,138362,138415,138362,138419,1383.62,1384.19,True,False,0.0,0,,,,,False,False,False,False,False,0.26,0,B_CL,0.21467444431540128,0.2300392985343933,0.04482414812242975,0.0020092042549015223,0.018364712595939636,0.04172638803720474,-1.4489123182235926,4.081705090874479,0.08493371307849884,0.2639419734477997,1383.83,0.19622477740049363,0.11129106432199479,-3.34731861948967,2.8163108974695206,-3.34731861948967,2.8163108974695206,-0.6275111978704279,0.5339013581926172,-154.44453805685043,145.34881338477135,0.21,0.32,0.11421683765947818,0.13248116672039031,0.2519277572631836,0.2564433217048645,0.53,0.9814814814814815,0.53,0.9814814814814815,0.029311174663901332,0.26,B_CL,full,-0.6948899655115037,0.5594008136540651,-0.6948899655115037,0.5594008136540651,,
89,B_CL,1410.566667,1411.2,0.633333,1410.5,1411.26,0.76,-0.06666700000005221,0.05999999999994543,141050,141126,141084.0,141057,141120,True,141050,141126,141047,141130,1410.47,1411.3,True,False,0.1,1,1410.4982597843307,1411.2502556346785,141050.0,141125.0,True,True,True,True,False,0.26,0,B_CL,0.22268050486586757,0.23612040281295776,0.04658435603485109,0.002170102227181767,0.016164302825927734,0.030416667461395264,-1.2310836303122548,3.33354272602679,0.11676231771707535,0.27827441692352295,1410.84,0.25416380405426026,0.1374014863371849,-2.081051468849182,2.1560408174991608,-2.081051468849182,2.1560408174991608,-0.42043051549366545,0.35944657270298447,-69.4112479686737,62.48563528060913,0.34,0.42,0.12014548778533936,0.12446197122335434,0.26891257166862487,0.27185186147689816,0.76,0.987012987012987,0.76,0.987012987012987,0.03778118165433407,0.26,B_CL,full,-0.4158950684701695,0.3615588481937136,-0.4158950684701695,0.3615588481937136,-0.419142014065921,0.3491425106083844
90,HB_M,1413.6,1413.6999999999998,0.1,1413.35,1413.37,0.02,-0.25,-0.32999999999992724,141335,141337,141335.0,141360,141370,True,141335,141337,141335,141395,1413.35,1413.95,True,False,0.25,4,1413.3189432145987,1413.3617174919116,141332.0,141336.0,True,True,True,True,False,0.26,0,HB_M,0.257581599380659,0.25814005732536316,0.004293832208268309,1.84369950327623e-05,0.0017018616199493408,0.002928614616394043,-2.2986864824887685,9.176948153443096,0.2574389576911926,0.26295769214630127,1413.35,0.26103634119033814,0.0035973834991455123,0.21449625492095947,0.24226009845733643,0.21449625492095947,0.24226009845733643,0.21449625492095947,0.22837817668914795,1.3881921768188477,1.3881921768188477,0.0,0.02,0.25069980323314667,0.2558776021003723,0.26144319772720337,0.2619695454835892,0.02,0.6666666666666666,0.02,0.6666666666666666,2.977122068405169e-05,0.26,HB_M,full,,0.22837817668914795,,0.22837817668914795,-0.08246321297328073,0.21856574155235353
91,HB_CL,1413.9,1414.2333330000001,0.333333,1413.8,1414.29,0.49,-0.10000000000013642,0.056666999999833934,141380,141429,141402.0,141390,141423,True,141380,141429,141380,141433,1413.8,1414.33,True,False,0.1,1,,,,,False,False,False,True,False,0.26,0,HB_CL,0.22086747459002903,0.22945843636989594,0.034593697629410544,0.0011967239156750848,0.023218125104904175,0.04672837257385254,-0.8018143613373846,2.7211500052165905,0.13607195019721985,0.2715610861778259,1414.02,0.2165501320362091,0.08047818183898925,-1.99359729886055,1.7568901181221008,-1.99359729886055,1.7568901181221008,-0.3705237222754437,0.4867378356201308,-93.58648210763931,90.5713438987732,0.22,0.27,0.15202376693487168,0.1671913594007492,0.2567390829324722,0.25940551310777665,0.49,0.98,0.49,0.98,0.02201705073714257,0.26,HB_CL,full,-0.4328670826825229,0.4872245921028985,-0.4328670826825229,0.4872245921028985,,
92,B_CL,1415.233333,1415.566666,0.333333,1415.27,1415.52,0.25,0.0366670000000795,-0.04666599999995924,141527,141552,141532.0,141523,141556,True,141527,141552,141518,141561,1415.18,1415.61,True,False,0.0,0,1415.2664881205862,1415.5176802593883,141527.0,141552.0,True,True,True,False,False,0.26,0,B_CL,0.20507788407089916,0.24968866258859634,0.08730335420053566,0.007621875654664187,0.03766168653964996,0.1548308189958334,-0.6981558144814247,1.8348740995934807,0.04759332910180092,0.29078900814056396,1415.32,0.2866138565540314,0.23902052745223046,-5.710548534989357,3.0764907598495483,-5.710548534989357,3.0764907598495483,-3.7028299644589424,1.0168747710330146,-91.32754057645798,224.98666308820248,0.05,0.2,0.05752897821366787,0.06379984878003597,0.28703418374061584,0.2885155752301216,0.25,0.9615384615384616,0.25,0.9615384615384616,0.02919190015643835,0.26,B_CL,full,-4.049922749400139,1.0687178187072277,-4.049922749400139,1.0687178187072277,-3.969336775786208,1.0744961158763697
93,HB_CL,1429.4,1429.7333330000001,0.333333,1429.46,1429.69,0.23,0.05999999999994543,-0.04333300000007512,142946,142969,142952.0,142940,142973,True,142946,142969,142935,142978,1429.35,1429.78,True,False,0.0,0,1429.45953249975,1429.684098305164,142946.0,142968.0,True,True,True,False,False,0.26,0,HB_CL,0.23496321114626798,0.255963072180748,0.04628405784409478,0.002142214010515511,0.03507357835769653,0.07442578300833702,-0.37780176281411193,1.675485698626653,0.15633746981620789,0.29217076301574707,1429.52,0.291326630115509,0.13498916029930114,-2.401508390903473,2.092888206243515,-2.401508390903473,2.092888206243515,-1.6013652086257935,0.6728378021054797,-73.6507773399353,94.54265236854553,0.06,0.17,0.16030720323324205,0.16283559948205947,0.2898440957069397,0.29120722562074663,0.23,0.9583333333333334,0.23,0.9583333333333334,0.014522477197647096,0.26,HB_CL,full,-1.7174909512201946,0.6716670358882231,-1.7174909512201946,0.6716670358882231,-1.714351176335793,0.631709938016335
94,B_CL,1429.933333,1430.333333,0.4,1429.9,1429.93,0.03,-0.03333299999985684,-0.4033329999999751,142990,142993,142991.0,142993,143033,True,142990,142993,142988,143038,1429.88,1430.38,True,False,0.0,0,1429.8931020511438,1429.9200052157112,142989.0,142992.0,True,True,True,False,False,0.26,0,B_CL,0.22561691344405213,0.2595384120941162,0.07944957262275354,0.006312234589938189,0.014128178358078003,0.0346277579665184,-1.39575099108026,3.2909388705840237,0.25403672456741333,0.29629096388816833,1429.91,0.2599131190776825,0.005876394510269167,-0.1689702272415161,1.338893175125122,-0.1689702272415161,1.338893175125122,0.022179633378982544,0.8398279547691345,37.16319799423218,56.81157112121582,0.01,0.02,0.056110072135925296,0.06588983871042729,0.2828674763441086,0.28831157088279724,0.03,0.75,0.03,0.75,0.00010243831872940092,0.26,B_CL,full,-0.1689702272415161,0.9672611951828003,-0.1689702272415161,0.9672611951828003,-0.35289936567565117,0.5960166781788788
95,B_CL,1430.466667,1430.833334,0.366667,1430.52,1430.79,0.27,0.05333300000006602,-0.043333999999958905,143052,143079,143062.0,143047,143084,True,143052,143079,143042,143089,1430.42,1430.89,True,False,0.0,0,1430.515492645877,1430.7853670514678,143052.0,143079.0,True,True,True,False,False,0.26,0,B_CL,0.21400825291251144,0.24730033427476883,0.07945937419383269,0.006313792147275524,0.039092227816581726,0.13531865924596786,-0.6868101524270304,1.9180462360654522,0.0666382685303688,0.30526551604270935,1430.62,0.2696091622114182,0.20297089368104937,-3.6466389894485474,2.3717544972896576,-3.6466389894485474,2.3717544972896576,-1.784151927991347,1.14304359174437,-91.43002331256866,87.03546598553658,0.1,0.17,0.07097228169441223,0.0804692842066288,0.2917871236801147,0.2968513622879982,0.27,0.9642857142857143,0.27,0.9642857142857143,0.02669828471243382,0.26,B_CL,full,-1.9184073060750961,1.1753790080547333,-1.9184073060750961,1.1753790080547333,-1.8502212891373155,1.1692881366222636
96,HB_CL,1432.966667,1433.2666669999999,0.3,1432.98,1433.28,0.3,0.013333000000102402,0.013333000000102402,143298,143328,143308.0,143297,143327,True,143298,143328,143292,143332,1432.92,1433.32,True,False,0.0,0,1432.9753716356977,1433.2734673996936,143298.0,143327.0,True,True,True,False,False,0.26,0,HB_CL,0.2329478193731869,0.23333008587360382,0.041780908023458824,0.001745644275264726,0.03352542221546173,0.05490870028734207,-0.6143861353058983,2.1694290931385023,0.14928430318832397,0.2826732099056244,1433.08,0.27257094979286195,0.12328664660453797,-1.711425930261612,1.5556514263153076,-1.711425930261612,1.5556514263153076,-1.0253052819858899,0.5744000630719321,-42.67234355211258,51.63602530956268,0.1,0.2,0.15449555218219757,0.16305822134017944,0.2811225354671478,0.28165966272354126,0.3,0.967741935483871,0.3,0.967741935483871,0.01640842127799988,0.26,HB_CL,full,-1.0746204853057861,0.5855381488800049,-1.0746204853057861,0.5855381488800049,-1.0581805187343647,0.5722705581766943
97,B_CL,1433.4,1433.7,0.3,1433.41,1433.68,0.27,0.009999999999990905,-0.01999999999998181,143341,143368,143351.0,143340,143370,True,143341,143368,143335,143375,1433.35,1433.75,True,False,0.0,0,1433.4042720752775,1433.677748962495,143340.0,143368.0,True,True,True,False,False,0.26,0,B_CL,0.20832875495155653,0.25057558715343475,0.08098719514911246,0.006558925778120425,0.03058670461177826,0.13866710290312767,-0.7616062408625749,1.913743168513765,0.06561598181724548,0.2826732099056244,1433.51,0.2546271002292633,0.18901111841201784,-4.375617206096649,2.190195769071579,-4.375617206096649,2.190195769071579,-1.8030189316381107,1.1004347768094804,-56.61405622959137,132.58937746286392,0.1,0.17,0.06772105619311333,0.06962454095482826,0.28114638924598695,0.28169353008270265,0.27,0.9642857142857143,0.27,0.9642857142857143,0.028069606912136082,0.26,B_CL,full,-1.809593141078949,1.1524042662452247,-1.809593141078949,1.1524042662452247,-1.8385305366862235,1.1587792573600395
98,HB_CL,1435.233333,1435.566666,0.333333,1435.26,1435.52,0.26,0.026667000000088592,-0.04666599999995924,143526,143552,143535.0,143523,143556,True,143526,143552,143518,143561,1435.18,1435.61,True,False,0.0,0,1435.2580104577542,1435.512434380289,143526.0,143551.0,True,True,True,False,False,0.26,0,HB_CL,0.23652921601178797,0.2516078054904938,0.059177809643740246,0.0035020131542307558,0.03826838731765747,0.08071361482143402,-1.0182412210818126,3.289514196266954,0.08453968912363052,0.30666667222976685,1435.35,0.2899851179122925,0.20544542878866195,-3.7666115909814835,3.5032667219638824,-3.7666115909814835,3.5032667219638824,-1.6841674223542213,1.0099449505408604,-137.56044209003448,211.5810476243496,0.09,0.17,0.10747032091021538,0.14738100171089172,0.2975529730319977,0.30291971266269685,0.26,0.9629629629629629,0.26,0.9629629629629629,0.016370795390009883,0.26,HB_CL,full,-1.912599719232983,1.061193162904066,-1.912599719232983,1.061193162904066,-1.9073941079912808,1.0801919554471224
99,HB_CL,1451.1,1451.5,0.4,1451.14,1451.42,0.28,0.040000000000190994,-0.07999999999992724,145114,145142,145125.0,145110,145150,True,145114,145142,145105,145155,1451.05,1451.55,True,False,0.0,0,1451.131192814168,1451.4129656201164,145113.0,145141.0,True,True,True,False,False,0.26,0,HB_CL,0.23082566915117964,0.25627896189689636,0.06405763290240332,0.004103380333059064,0.03150954842567444,0.09146952629089355,-0.7656621106093265,2.2926521604386245,0.10243940353393555,0.3165907859802246,1451.25,0.29235785007476806,0.1899184465408325,-2.5713272392749786,1.8670395016670227,-2.5713272392749786,1.8670395016670227,-1.2499434873461723,0.9061980992555618,-66.26307964324951,66.84079766273499,0.11,0.17,0.10798363089561462,0.12060348987579346,0.29534924030303955,0.3088391661643982,0.28,0.9655172413793104,0.28,0.9655172413793104,0.01926646864712239,0.26,HB_CL,full,-1.3565396720712835,0.9504211299559648,-1.3565396720712835,0.9504211299559648,-1.3261874301838683,0.9668333502090092
100,B_CL,1465.2,1465.6000000000001,0.4,1465.24,1465.58,0.34,0.03999999999996362,-0.020000000000209184,146524,146558,146535.0,146520,146560,True,146524,146558,146515,146565,1465.15,1465.65,True,False,0.0,0,1465.230023883914,1465.5764179101564,146523.0,146558.0,True,True,True,False,False,0.26,0,B_CL,0.2179277792572975,0.2480500191450119,0.06827542889760554,0.004661534191151989,0.025944992899894714,0.07879237830638885,-1.2273300258944337,3.3988318347622193,0.04076622426509857,0.29431208968162537,1465.35,0.2713275218009949,0.23056129753589633,-3.757362440228462,2.679738402366638,-3.757362440228462,2.679738402366638,-1.7213370651006699,0.9226061558971802,-109.05571281909943,173.63684251904488,0.11,0.23,0.06587112769484521,0.10687237530946732,0.27441742420196535,0.28402072489261626,0.34,0.9714285714285714,0.34,0.9714285714285714,0.02561632011234761,0.26,B_CL,full,-1.8388261849229985,0.9665046697077544,-1.8388261849229985,0.9665046697077544,-1.8273118257812409,0.9682704675766284
101,HB_CL,1471.933333,1472.466666,0.533333,1471.9,1472.01,0.11,-0.03333299999985684,-0.4566660000000411,147190,147201,147195.0,147193,147246,True,147190,147201,147188,147251,1471.88,1472.51,True,False,0.0,0,1471.8982226623273,1472.0035208550703,147190.0,147200.0,True,True,True,False,False,0.26,0,HB_CL,0.24740058230236173,0.2512553483247757,0.015999121622011187,0.00025597189267590587,0.00920066237449646,0.01603607088327408,-1.1416462157423322,3.4194280457387327,0.24598094820976257,0.2646885812282562,1471.95,0.26384246706962583,0.017861518859863257,-0.42502135038375854,0.4889965057373047,-0.42502135038375854,0.4889965057373047,-0.25499438246091205,0.2706755484853472,-5.597472190856934,16.53149724006653,0.05,0.06,0.21363008469343187,0.21970648169517518,0.26367215216159823,0.2641692355275154,0.11,0.9166666666666666,0.11,0.9166666666666666,0.0009984691500663767,0.26,HB_CL,full,-0.2704530954360962,0.28041104475657147,-0.2704530954360962,0.28041104475657147,-0.27075652052324223,0.26193624470007737
102,HB_CL,1473.933333,1474.333333,0.4,1473.96,1474.02,0.06,0.026667000000088592,-0.3133330000000569,147396,147402,147399.0,147393,147433,True,147396,147402,147388,147438,1473.88,1474.38,True,False,0.0,0,1473.9531200666763,1474.0176283430646,147395.0,147402.0,True,True,True,False,False,0.26,0,HB_CL,0.21246050325808702,0.24828407168388367,0.07103780252774486,0.005046369387970874,0.016884714365005493,0.06913191825151443,-1.1602950417059756,2.744475092895258,0.21763738989830017,0.2709045708179474,1473.99,0.2649285709857941,0.047291181087493916,-1.7835363745689392,1.7147980630397797,-1.7835363745689392,1.7147980630397797,-0.8871734142303467,1.3241657987236977,-17.895624041557312,113.08785527944565,0.03,0.03,0.0670096032321453,0.07944452613592148,0.2651205062866211,0.26837811768054964,0.06,0.8571428571428571,0.06,0.8571428571428571,0.0016337220132350927,0.26,HB_CL,full,-1.080794135729472,1.5335033337275188,-1.080794135729472,1.5335033337275188,-1.1486628712121012,1.5333025944623477
103,HB_CL,1475.866667,1476.266667,0.4,1475.82,1475.85,0.03,-0.0466670000000704,-0.41666700000018864,147582,147585,147582.0,147587,147627,True,147582,147585,147582,147632,1475.82,1476.32,True,False,0.0,0,1475.7920354343837,1475.8407366823512,147579.0,147584.0,True,True,True,False,False,0.26,0,HB_CL,0.25024445727467537,0.24933716654777527,0.028147615808421476,0.0007922882756984986,0.016719266772270203,0.034777961671352386,0.19296499809950365,2.2071129382946704,0.23552963137626648,0.30318471789360046,1475.82,0.27227849543094634,0.036748864054679864,0.6884723901748657,1.1981591582298279,0.6884723901748657,1.1981591582298279,1.14421546459198,1.000283658504486,-28.181523084640503,5.39436936378479,0.0,0.03,0.20739747434854508,0.21212449669837952,0.29022766649723053,0.3004971921443939,0.03,0.75,0.03,0.75,0.0003800576806068423,0.26,HB_CL,full,,1.0282635688781738,,1.0282635688781738,-0.8750491232208281,1.1800522479528313
104,HB_CL,1476.633333,1477.0,0.366667,1476.61,1476.63,0.02,-0.023333000000093307,-0.36999999999989086,147661,147663,147662.0,147663,147700,True,147661,147663,147658,147705,1476.58,1477.05,True,False,0.0,0,1476.6055788263309,1476.6245406224975,147661.0,147662.0,True,True,True,False,False,0.26,0,HB_CL,0.2579408864612165,0.2633931040763855,0.020229723622702245,0.00040924171785091724,0.008535176515579224,0.029764823615550995,-0.541519613480948,2.2865133779276055,0.2571779191493988,0.2906305491924286,1476.62,0.2649680590629578,0.00779013991355898,-0.004443526268005371,0.6215184926986694,-0.004443526268005371,0.6215184926986694,0.15204697847366333,0.46502798795700073,31.29810094833374,31.29810094833374,0.01,0.01,0.22015883922576904,0.22806632220745088,0.2771208584308624,0.2868198126554489,0.02,0.6666666666666666,0.02,0.6666666666666666,5.5997264385223566e-05,0.26,HB_CL,full,-0.004443526268005371,0.6215184926986694,-0.004443526268005371,0.6215184926986694,-0.19569009536763832,0.6215184926881724
105,HB_CL,1478.366667,1478.7,0.333333,1478.27,1478.29,0.02,-0.09666700000002493,-0.41000000000008185,147827,147829,147827.0,147837,147870,True,147827,147829,147827,147880,1478.27,1478.8,True,False,0.1,1,,,,,False,False,False,True,False,0.26,0,HB_CL,0.2555502264396004,0.256839394569397,0.013768123422088047,0.0001895612225658495,0.008470654487609863,0.016549021005630493,-0.40518711136612295,2.4838640956498947,0.25179582834243774,0.2782665193080902,1478.27,0.2527536934614181,0.0009578651189803833,0.4717916250228882,0.7748991250991821,0.4717916250228882,0.7748991250991821,0.7748991250991821,0.6233453750610352,-15.155375003814697,-15.155375003814697,0.0,0.02,0.2302176147699356,0.23427106142044068,0.27084957957267763,0.27738023102283477,0.02,0.6666666666666666,0.02,0.6666666666666666,8.659352064132708e-05,0.26,HB_CL,full,,0.6233453750610352,,0.6233453750610352,,
106,FC_CL,1481.366667,1481.6,0.233333,1481.32,1481.34,0.02,-0.0466670000000704,-0.2599999999999909,148132,148134,148132.0,148137,148160,True,148132,148134,148132,148165,1481.32,1481.65,True,False,0.0,0,,,,,False,False,False,False,False,0.26,0,FC_CL,0.25663070704626,0.2552620470523834,0.016039747084676828,0.0002572734865403988,0.012041807174682617,0.02049022912979126,-0.1355332362870891,2.2786185673810198,0.2543680965900421,0.284960001707077,1481.32,0.2663563132286072,0.011988216638565086,0.4449188709259033,0.6326913833618164,0.4449188709259033,0.6326913833618164,0.4449188709259033,0.5388051271438599,9.388625621795654,9.388625621795654,0.0,0.02,0.2286697044968605,0.2338555186986923,0.27641873359680175,0.28259867131710054,0.02,0.6666666666666666,0.02,0.6666666666666666,6.814618110656756e-05,0.26,FC_CL,full,,0.5388051271438599,,0.5388051271438599,,
107,B_CL,1482.366667,1482.566667,0.2,1482.27,1482.28,0.01,-0.09666700000002493,-0.2866670000000795,148227,148228,148227.0,148237,148257,True,148227,148228,148227,148267,1482.27,1482.67,True,False,0.1,1,1482.2475944416378,1482.2747238524303,148225.0,148227.0,True,True,True,True,False,0.26,0,B_CL,0.2656983502886512,0.26780763268470764,0.012726347253027551,0.0001619599144046419,0.008698448538780212,0.018472813069820404,-0.2780530643575922,2.2608926442093495,0.25611263513565063,0.2874451279640198,1482.27,0.25766551911830904,0.001552883982658404,0.8229225873947144,0.8229225873947144,0.8229225873947144,0.8229225873947144,0.8229225873947144,0.8229225873947144,0.0,0.0,0.0,0.01,0.2470722407102585,0.2489990308880806,0.2802620500326157,0.2849135249853134,0.01,0.5,0.01,0.5,3.887364864349374e-05,0.26,B_CL,full,,0.8229225873947144,,0.8229225873947144,-0.17350002180333918,0.8229225873832076
108,B_CL,1483.766667,1484.4,0.633333,1483.72,1484.09,0.37,-0.0466670000000704,-0.3100000000001728,148372,148409,148392.0,148377,148440,True,148372,148409,148372,148445,1483.72,1484.45,True,False,0.0,0,,,,,False,False,False,False,False,0.26,0,B_CL,0.2022089021730012,0.23022930324077606,0.06348470134514693,0.0040303073048825,0.02840714156627655,0.09937349706888199,-0.9008775357647061,2.3149099775321154,0.06782637536525726,0.27166947722435,1483.92,0.24101383328437806,0.1731874579191208,-2.648584544658661,2.5547288358211517,-2.648584544658661,2.5547288358211517,-0.755327602937108,1.0799532963169947,-80.55083453655243,75.89440792798996,0.2,0.17,0.07694316320121289,0.09606221541762353,0.2632354348897934,0.26536489874124525,0.37,0.9736842105263158,0.37,0.9736842105263158,0.03126593383848667,0.26,B_CL,full,-0.7988526672124863,1.1517089079408085,-0.7988526672124863,1.1517089079408085,,
109,B_CL,1487.733333,1491.3,3.566667,1487.7,1487.73,0.03,-0.03333299999985684,-3.5699999999999363,148770,148773,148771.0,148773,149130,True,148770,148773,148768,149135,1487.68,1491.35,True,False,0.0,0,1487.698626284754,1487.7204289859192,148770.0,148772.0,True,True,True,False,False,0.26,0,B_CL,0.25329548493027687,0.25866733491420746,0.025525201660308333,0.0006515359197994073,0.01060059666633606,0.0286552757024765,-0.29588635916663203,2.464345358487611,0.2573693096637726,0.299484521150589,1487.71,0.2684214234352112,0.01105211377143861,-0.21238625049591064,0.5869179964065552,-0.21238625049591064,0.5869179964065552,-0.09981691837310791,0.3373583157857259,17.451345920562744,31.23953938484192,0.01,0.02,0.21495997831225394,0.2157118871808052,0.28154968619346615,0.2963839992880821,0.03,0.75,0.03,0.75,3.389297723770168e-05,0.26,B_CL,full,-0.21238625049591064,0.41240453720092773,-0.21238625049591064,0.41240453720092773,-0.23129560388374767,0.2522479516825232
110,B_CL,1489.566667,1490.933334,1.366667,1489.58,1489.96,0.38,0.013332999999875028,-0.9733340000000226,148958,148996,148968.0,148957,149094,True,148958,148996,148952,149099,1489.52,1490.99,True,False,0.0,0,1489.5743347778541,1489.9556198929326,148957.0,148996.0,True,True,True,False,False,0.26,0,B_CL,0.2195214639275761,0.24622584879398346,0.06391446514964956,0.004085058855365769,0.01905481517314911,0.07408159226179123,-1.0106938654376478,2.5147024120769483,0.07793892920017242,0.2919686734676361,1489.68,0.2733141279220581,0.1953751987218857,-4.125487431883812,2.8048038482666016,-4.125487431883812,2.8048038482666016,-1.5841590409929103,0.6205411306742964,-134.3260332942009,176.827535033226,0.1,0.28,0.09616607651114464,0.10569524019956589,0.27872862219810485,0.28410941064357753,0.38,0.9743589743589743,0.38,0.9743589743589743,0.02613515083789826,0.26,B_CL,full,-1.7515964806079865,0.6549643086535589,-1.7515964806079865,0.6549643086535589,-1.7229989877687995,0.6605512717631041
111,HB_CL,1494.066667,1494.5,0.433333,1494.02,1494.13,0.11,-0.0466670000000704,-0.36999999999989086,149402,149413,149403.0,149407,149450,True,149402,149413,149402,149455,1494.02,1494.55,True,False,0.0,0,,,,,False,False,False,False,False,0.26,0,HB_CL,0.24976281402632594,0.25005485862493515,0.008216952873981848,6.751831453323857e-05,0.0035137981176376343,0.007647540420293808,-0.533083926382768,2.8133138706662772,0.24616914987564087,0.2631359398365021,1494.03,0.24703756749629974,0.0008684176206588679,-0.08919984102249146,0.41384994983673096,-0.08919984102249146,0.41384994983673096,-0.04577897489070892,0.16000074419108304,-8.835569024085999,15.958473086357117,0.01,0.1,0.23346944376826287,0.23667271435260773,0.2603912502527237,0.26220620423555374,0.11,0.9166666666666666,0.11,0.9166666666666666,0.0010800764024257669,0.26,HB_CL,full,-0.08919984102249146,0.1640757918357849,-0.08919984102249146,0.1640757918357849,,
112,B_CL,1494.533333,1494.8666660000001,0.333333,1494.43,1494.44,0.01,-0.10333300000002055,-0.4266660000000684,149443,149444,149443.0,149453,149486,True,149443,149444,149443,149496,1494.43,1494.96,True,False,0.1,1,,,,,False,False,False,True,False,0.26,0,B_CL,0.2327461371367628,0.23069358617067337,0.025306565058931422,0.0006404222350819287,0.015877187252044678,0.03070402890443802,0.18091610842155445,2.3896279281296597,0.24747110903263092,0.2791135311126709,1494.43,0.21937389373779298,-0.02809721529483794,1.3087108731269836,1.3087108731269836,1.3087108731269836,1.3087108731269836,1.3087108731269836,1.3087108731269836,0.0,0.0,0.0,0.01,0.19280735850334169,0.20356827825307847,0.27186589241027836,0.2755778908729553,0.01,0.5,0.01,0.5,0.00012528890967369088,0.26,B_CL,full,,1.3087108731269836,,1.3087108731269836,,
113,HB_CL,1508.133333,1508.466666,0.333333,1508.07,1508.53,0.46,-0.06333300000005693,0.06333399999994072,150807,150853,150827.0,150813,150846,True,150807,150853,150803,150856,1508.03,1508.56,True,False,0.1,1,1508.0642206391162,1508.5284750670535,150806.0,150853.0,True,True,True,True,False,0.26,0,HB_CL,0.22373121476440289,0.2500527799129486,0.0596473502303236,0.003557806389498885,0.016163617372512817,0.04997722804546356,-1.525430873202707,4.076112810407497,0.06577861309051514,0.28496646881103516,1508.27,0.268125958442688,0.20234734535217286,-3.623638302087784,2.4184830486774445,-3.623638302087784,2.4184830486774445,-0.9179087089640754,0.7242790664787646,-117.41593480110168,83.83631706237793,0.2,0.26,0.07867069765925408,0.11176328957080842,0.2676722288131714,0.27011782228946685,0.46,0.9787234042553191,0.46,0.9787234042553191,0.025704526594281206,0.26,HB_CL,full,-0.964948982000351,0.7508438367110032,-0.964948982000351,0.7508438367110032,-0.9438331719729794,0.7514124635831408
114,HB_CL,1582.133333,1582.666666,0.533333,1582.19,1582.59,0.4,0.05666700000006131,-0.07666600000015933,158219,158259,158241.0,158213,158266,True,158219,158259,158208,158271,1582.08,1582.71,True,False,0.0,0,1582.1857411790115,1582.588432921125,158219.0,158259.0,True,True,True,False,False,0.26,0,HB_CL,0.23435670381686727,0.2325667291879654,0.02926792604690276,0.0008566114950869689,0.025998681783676147,0.051494210958480835,-0.21211344378549823,2.0000257767989953,0.1731058657169342,0.27944624423980713,1582.41,0.2699393928050995,0.09683352708816528,-1.6694225370883942,1.6801930963993073,-1.6694225370883942,1.6801930963993073,-0.3807663593603217,0.48698230009329946,-94.64170783758163,92.25193411111832,0.22,0.18,0.18428583443164825,0.19553051888942719,0.2711533010005951,0.2721070647239685,0.4,0.975609756097561,0.4,0.975609756097561,0.017095509707927708,0.26,HB_CL,full,-0.38054897026582196,0.49595286448796594,-0.38054897026582196,0.49595286448796594,-0.38747253686623717,0.48698487776357025
115,HB_M,1582.833333,1582.933333,0.1,1582.58,1582.59,0.01,-0.2533330000001115,-0.34333300000002964,158258,158259,158258.0,158283,158293,True,158258,158259,158258,158318,1582.58,1583.18,True,False,0.25,4,,,,,False,False,False,True,False,0.26,0,HB_M,0.24673758514902808,0.24368440359830856,0.022975248761788792,0.0005278620556660775,0.024221070110797882,0.040629792958498,-0.08130710518678938,1.554169406143187,0.24720659852027893,0.27944624423980713,1582.58,0.209911128282547,-0.03729547023773194,1.5170782804489136,1.5170782804489136,1.5170782804489136,1.5170782804489136,1.5170782804489136,1.5170782804489136,0.0,0.0,0.0,0.01,0.21252309828996657,0.21505540758371353,0.2753705412149429,0.2769045248627663,0.01,0.5,0.01,0.5,0.00012793401479721078,0.26,HB_M,full,,1.5170782804489136,,1.5170782804489136,,
116,HB_A,1582.9,1583.0,0.1,1582.55,1582.59,0.04,-0.3500000000001364,-0.41000000000008185,158255,158259,158255.0,158290,158300,True,158255,158259,158255,158335,1582.55,1583.35,True,False,0.35,6,,,,,False,False,False,True,False,0.26,0,HB_A,0.24185107946395873,0.239393949508667,0.02530001358023746,0.0006400906871601998,0.026986539363861084,0.051509276032447815,0.029155891545891516,1.5442435769536993,0.2110341638326645,0.27944624423980713,1582.55,0.2077901554107666,-0.003244008421897898,0.36870092153549194,1.6801930963993073,0.36870092153549194,1.6801930963993073,0.36870092153549194,1.215442270040512,-16.311481595039368,62.77851760387421,0.0,0.04,0.2068764388561249,0.20927966833114625,0.27398250699043275,0.27673537135124204,0.04,0.8,0.04,0.8,0.0013826454520225531,0.26,HB_A,full,,1.2835804373025894,,1.2835804373025894,,
117,B_CL,1583.466667,1584.0,0.533333,1583.32,1583.36,0.04,-0.14666699999997945,-0.6400000000001,158332,158336,158332.0,158347,158400,True,158332,158336,158332,158415,1583.32,1584.15,True,False,0.15,2,,,,,False,False,False,True,False,0.26,0,B_CL,0.25957674860954283,0.2568736672401428,0.01170814339548861,0.00013708062176932356,0.010033756494522095,0.023169204592704773,0.13277025639735662,1.392459710944204,0.2430611401796341,0.275249183177948,1583.32,0.24069994926452637,-0.002361190915107725,0.10637789964675903,0.6699554622173309,0.10637789964675903,0.6699554622173309,0.10637789964675903,0.4714466631412506,-5.476102232933044,26.552975177764893,0.0,0.04,0.24436136782169343,0.24592026174068451,0.27496089935302737,0.27517634630203247,0.04,0.8,0.04,0.8,0.0004631377100944523,0.26,B_CL,full,,0.4991117864847183,,0.4991117864847183,,
118,B_CL,1584.033333,1584.3666660000001,0.333333,1583.98,1584.37,0.39,-0.05333300000006602,0.0033339999997679115,158398,158437,158415.0,158403,158436,True,158398,158437,158398,158441,1583.98,1584.41,True,False,0.0,0,,,,,False,False,False,False,False,0.26,0,B_CL,0.2216243473192056,0.23380279541015625,0.049058599980393365,0.002406746232036252,0.024002552032470703,0.049888547509908676,-0.9429796765762174,3.0532166030813683,0.09833068400621414,0.2879658341407776,1584.15,0.16090145766735076,0.06257077366113661,-3.225689008831978,1.6683921217918396,-3.225689008831978,1.6683921217918396,-0.7605759840872552,0.7078223416338796,-116.57740920782089,151.90917998552322,0.17,0.22,0.11830100007355213,0.1493369773030281,0.27684437930583955,0.28145643025636674,0.39,0.975,0.39,0.975,0.022197858685255055,0.26,B_CL,full,-0.837817568989361,0.7360000163316727,-0.837817568989361,0.7360000163316727,,
119,B_CL,1649.866667,1650.3,0.433333,1649.9,1650.17,0.27,0.03333300000008421,-0.12999999999988177,164990,165017,164999.0,164987,165030,True,164990,165017,164982,165035,1649.82,1650.35,True,False,0.0,0,1649.8997784089217,1650.1686639297375,164990.0,165017.0,True,True,True,False,False,0.26,0,B_CL,0.22107554071893296,0.24835991859436035,0.06298157229554051,0.003966678448818396,0.046664416790008545,0.11136817932128906,-0.28530415907363366,1.5352388466257334,0.12279573827981949,0.3085760772228241,1649.99,0.2955577957630158,0.17276205748319629,-2.0551353693008423,2.045055478811264,-2.0551353693008423,2.045055478811264,-1.45878117531538,0.724210511696966,-60.84226071834564,58.831535279750824,0.09,0.18,0.12518830671906472,0.12896333187818526,0.2950201392173767,0.30295638740062714,0.27,0.9642857142857143,0.27,0.9642857142857143,0.02280394737124443,0.26,B_CL,full,-1.5197597444057465,0.7631198813517889,-1.5197597444057465,0.7631198813517889,-1.5207475292822585,0.7679460645570215
120,FC_CL,1650.466667,1651.033334,0.566667,1650.48,1651.09,0.61,0.013333000000102402,0.056665999999950145,165048,165109,165077.0,165047,165104,True,165048,165109,165042,165109,1650.42,1651.09,True,False,0.0,0,1650.4765193328544,1651.084947487203,165048.0,165108.0,True,True,True,False,False,0.26,0,FC_CL,0.18950029408059468,0.18698205798864365,0.07285085675922649,0.005307247330553336,0.0684104934334755,0.13651523739099503,-0.07490784223660706,1.5455513271359904,0.07153382152318954,0.2952587306499481,1650.77,0.2697248518466949,0.19819103032350538,-2.573499083518982,2.540498226881027,-2.573499083518982,2.540498226881027,-0.6434240688880285,0.5916168856801409,-131.63752853870392,101.63674131035805,0.29,0.32,0.08120009526610375,0.08992530480027199,0.2814660221338272,0.2887677937746048,0.61,0.9838709677419355,0.61,0.9838709677419355,0.06177577213048936,0.26,FC_CL,full,-0.6404255227795963,0.6012749159708619,-0.6404255227795963,0.6012749159708619,-0.6421757872839235,0.5984050869894744
121,HB_CL,1668.933333,1669.333333,0.4,1668.95,1669.02,0.07,0.016667000000097687,-0.3133330000000569,166895,166902,166898.0,166893,166933,True,166895,166902,166888,166938,1668.88,1669.38,True,False,0.0,0,1668.9479403196906,1669.0140058835543,166895.0,166901.0,True,True,True,False,False,0.26,0,HB_CL,0.24631696620157786,0.2543135732412338,0.04344957549968512,0.0018878656111028372,0.02242075651884079,0.04471616819500923,-0.8220208949921192,3.0640084700202186,0.23876884579658508,0.3037150800228119,1668.98,0.28382566571235657,0.045056819915771484,-0.7781855762004852,0.8604884147644043,-0.7781855762004852,0.8604884147644043,-0.577324628829956,0.5116014182567596,-18.405839800834656,53.5627081990242,0.03,0.04,0.1636284001171589,0.18560298830270766,0.29959496557712556,0.3023437798023224,0.07,0.875,0.07,0.875,0.0008225399971008307,0.26,HB_CL,full,-0.6673961877822876,0.6204389035701752,-0.6673961877822876,0.6204389035701752,-0.6622384876735576,0.6243376729063107
122,B_CL,1671.133333,1671.566666,0.433333,1671.08,1671.45,0.37,-0.05333300000006602,-0.11666599999989558,167108,167145,167134.0,167113,167156,True,167108,167145,167108,167161,1671.08,1671.61,True,False,0.0,0,,,,,False,False,False,False,False,0.26,0,B_CL,0.2147634019111765,0.22093917429447174,0.03140995917892854,0.0009865855356219573,0.025604240596294403,0.05803046375513077,-0.2902943503023085,1.7026991520921924,0.1572990119457245,0.2602233290672302,1671.34,0.24817691028118133,0.09087789833545684,-1.0215610265731812,1.8626749515533447,-1.0215610265731812,1.8626749515533447,-0.16360956209677238,0.8920361598332723,-59.82663482427597,69.64858621358871,0.26,0.11,0.16554999798536302,0.17046880573034287,0.25131412148475646,0.25787112265825274,0.37,0.9736842105263158,0.37,0.9736842105263158,0.022604010951519014,0.26,B_CL,full,-0.1888456826026623,0.9356756101955067,-0.1888456826026623,0.9356756101955067,,
123,B_CL,1673.1,1673.5,0.4,1673.07,1673.44,0.37,-0.029999999999972715,-0.05999999999994543,167307,167344,167328.0,167310,167350,True,167307,167344,167305,167355,1673.05,1673.55,True,False,0.0,0,1673.0656142797552,1673.4366587898694,167307.0,167344.0,True,True,True,False,False,0.26,0,B_CL,0.23064791924994568,0.24694358557462692,0.04089406349829839,0.001672324429402861,0.023554138839244843,0.08025508373975754,-0.520205673614729,1.6792733923473242,0.1592288315296173,0.2800629436969757,1673.28,0.2761847460269928,0.11695591449737547,-1.7891041934490204,1.037868857383728,-1.7891041934490204,1.037868857383728,-0.44811015779321844,0.6231904468115639,-55.19736558198929,80.84330707788467,0.21,0.16,0.16284884437918662,0.1684395596385002,0.27249484062194823,0.2768052875995636,0.37,0.9736842105263158,0.37,0.9736842105263158,0.018968921405076986,0.26,B_CL,full,-0.4734467892419724,0.6473084911704063,-0.4734467892419724,0.6473084911704063,-0.47004608495067957,0.643252565364352
124,HB_CL,1674.3,1674.7,0.4,1674.3,1674.58,0.28,0.0,-0.12000000000011823,167430,167458,167446.0,167430,167470,True,167430,167458,167425,167475,1674.25,1674.75,True,False,0.0,0,1674.2979604818988,1674.5761828862194,167430.0,167458.0,True,True,True,False,False,0.26,0,HB_CL,0.22340669498151663,0.24629093706607819,0.05006417673960028,0.0025064217926139337,0.024449065327644348,0.06846891343593597,-0.7750776852962447,2.297987628229191,0.12238554656505585,0.28678467869758606,1674.46,0.2791082394123077,0.15672269284725188,-2.064450830221176,1.683158427476883,-2.064450830221176,1.683158427476883,-0.8127448094241759,1.1153298215224192,-67.99407303333282,53.90714854001999,0.16,0.12,0.12671955972909926,0.1384497433900833,0.2743873596191406,0.2826106488704681,0.28,0.9655172413793104,0.28,0.9655172413793104,0.018925479936599734,0.26,HB_CL,full,-0.8562843315303326,1.1758132527271907,-0.8562843315303326,1.1758132527271907,-0.8492647660738543,1.1844640627633694
125,B_CL,1676.4,1676.866667,0.466667,1676.02,1677.25,1.23,-0.38000000000010914,0.38333299999999326,167602,167725,167665.0,167640,167687,True,167602,167725,167600,167727,1676.0,1677.27,True,False,0.4,7,1676.0192939262386,1677.2464431144845,167602.0,167725.0,True,True,True,True,False,0.26,0,B_CL,0.19077465388303003,0.20278093218803406,0.060516345149940254,0.0036622280303066973,0.04643397778272629,0.10412277653813362,-0.06799310145559173,1.9581521242331499,0.07546356320381165,0.31860634684562683,1676.65,0.28832280278205874,0.2128592395782471,-3.282526880502701,2.594146504998207,-3.282526880502701,2.594146504998207,-0.2922733605373651,0.3181348325776272,-183.91810357570648,132.47596099972725,0.63,0.6,0.0979137185961008,0.10368872359395027,0.27039542794227606,0.2851627141237259,1.23,0.9919354838709677,1.23,0.9919354838709677,0.10361616435945033,0.26,B_CL,full,-0.29148776379842606,0.31504879395167035,-0.29148776379842606,0.31504879395167035,-0.29258706150650066,0.3093948648493004
126,B_CL,1676.9,1677.266667,0.366667,1676.85,1677.25,0.4,-0.0500000000001819,-0.016667000000097687,167685,167725,167707.0,167690,167727,True,167685,167725,167685,167732,1676.85,1677.32,True,False,0.0,0,,,,,False,False,False,False,False,0.26,0,B_CL,0.1993234124584276,0.20933657884597778,0.057649796873724256,0.0033234990795816674,0.04390797019004822,0.10188987851142883,-0.05933015245841063,1.9564087393168124,0.10432882606983185,0.31860634684562683,1677.07,0.13422798246145248,0.029899156391620635,-2.0924627780914307,2.2972889244556427,-2.0924627780914307,2.2972889244556427,-0.6503233119197513,0.857017875501984,-68.65173578262329,92.67443791031837,0.22,0.18,0.1116214469075203,0.12235523015260696,0.26449283957481384,0.27716055512428284,0.4,0.975609756097561,0.4,0.975609756097561,0.03033014552295208,0.26,B_CL,full,-0.676889649846337,0.8898000750276778,-0.676889649846337,0.8898000750276778,,
127,B_CL,1680.1,1680.6999999999998,0.6,1680.05,1680.07,0.02,-0.049999999999954525,-0.6299999999998818,168005,168007,168005.0,168010,168070,True,168005,168007,168005,168075,1680.05,1680.75,True,False,0.0,0,,,,,False,False,False,False,False,0.26,0,B_CL,0.2561761199132256,0.2614571452140808,0.011782779909251499,0.00013883390238986074,0.006616413593292236,0.01750963181257248,-0.7106841966446309,2.1524211070100163,0.2460947185754776,0.26991432905197144,1680.05,0.2579747688770294,0.011880050301551814,0.8361935615539551,1.085539162158966,0.8361935615539551,1.085539162158966,1.085539162158966,0.9608663618564606,-12.46728003025055,-12.46728003025055,0.0,0.02,0.23499739915132523,0.2375958651304245,0.26879196166992186,0.2690029442310333,0.02,0.6666666666666666,0.02,0.6666666666666666,0.00016955171227455156,0.26,B_CL,full,,0.9608663618564606,,0.9608663618564606,,
128,HB_CL,1692.533333,1692.8000000000002,0.266667,1692.48,1692.73,0.25,-0.05333300000006602,-0.07000000000016371,169248,169273,169261.0,169253,169280,True,169248,169273,169248,169285,1692.48,1692.85,True,False,0.0,0,,,,,False,False,False,False,False,0.26,0,HB_CL,0.2145144766115624,0.2199845165014267,0.046656289268096576,0.0021768093282683036,0.026537150144577026,0.05172551050782204,-0.5596000114401558,3.315203739109925,0.09549631923437119,0.2987530827522278,1692.61,0.24734648406505585,0.15185016483068467,-4.052982851862907,3.1967181712388992,-4.052982851862907,3.1967181712388992,-0.7645644247531891,1.2445348386581128,-147.36920595169067,232.19607770442963,0.13,0.12,0.11887761391699314,0.1597473844885826,0.27035170793533325,0.29069556295871735,0.25,0.9615384615384616,0.25,0.9615384615384616,0.01618426464498043,0.26,HB_CL,full,-0.8507589308115152,1.3909000282486281,-0.8507589308115152,1.3909000282486281,,
129,HB_M,1705.266667,1705.366667,0.1,1705.12,1705.17,0.05,-0.14666700000020683,-0.19666699999993398,170512,170517,170512.0,170527,170537,True,170512,170517,170512,170552,1705.12,1705.52,True,False,0.15,2,,,,,False,False,False,True,False,0.26,0,HB_M,0.23921696841716766,0.23772449046373367,0.012391260473968225,0.00015354333613372726,0.010664604604244232,0.02050718665122986,0.2051305107538659,1.7934646943233472,0.23581714928150177,0.2601121962070465,1705.12,0.2416038340330124,0.005786684751510618,0.04379451274871826,0.79660564661026,0.04379451274871826,0.79660564661026,0.79660564661026,0.47495079537232715,-23.9717960357666,-2.428218722343445,0.0,0.05,0.22329805046319962,0.22555820643901825,0.25743263959884644,0.259286493062973,0.05,0.8333333333333334,0.05,0.8333333333333334,0.0005271971523761753,0.26,HB_M,full,,0.4859009385108948,,0.4859009385108948,,
130,B_CL,1705.666667,1706.1333339999999,0.466667,1705.47,1706.33,0.86,-0.19666699999993398,0.1966660000000502,170547,170633,170586.0,170567,170614,True,170547,170633,170547,170634,1705.47,1706.34,True,False,0.2,3,,,,,False,False,False,True,False,0.26,0,B_CL,0.2047330104510918,0.2316657453775406,0.06803960135701695,0.004629387352821782,0.012755483388900757,0.02619330585002899,-1.538686460496102,3.927810801584983,0.038440875709056854,0.2778986394405365,1705.86,0.22502074420452117,0.18657986849546432,-4.095728322863579,2.5000710040330887,-4.095728322863579,2.5000710040330887,-0.4533913405612111,0.483932353866597,-130.15557080507278,123.11212718486786,0.39,0.47000000000000003,0.04712081477046013,0.053116402029991155,0.2591593861579895,0.26883698701858516,0.86,0.9885057471264368,0.86,0.9885057471264368,0.05745676283389331,0.26,B_CL,full,-0.465692713474616,0.48548174982375286,-0.465692713474616,0.48548174982375286,,
131,FC_CL,1708.333333,1709.533333,1.2,1708.28,1708.43,0.15,-0.05333300000006602,-1.1033330000000205,170828,170843,170838.0,170833,170953,True,170828,170843,170828,170958,1708.28,1709.58,True,False,0.0,0,,,,,False,False,False,False,False,0.26,0,FC_CL,0.2363852717810207,0.24370784312486649,0.026275821601711546,0.0006904188008449712,0.01204892247915268,0.023860882967710495,-2.068054625708878,7.395063666637087,0.2401142716407776,0.2605054974555969,1708.38,0.22844998955726623,-0.011664282083511363,-0.590275228023529,0.6487905979156494,-0.590275228023529,0.6487905979156494,0.00560175288807262,0.31504804889361065,-25.869756937026978,42.42658615112305,0.1,0.05,0.1820032224059105,0.2146402671933174,0.25809746980667114,0.25857634097337723,0.15,0.9375,0.15,0.9375,0.0013488149046897904,0.26,FC_CL,full,-0.029356926679611206,0.4078245162963867,-0.029356926679611206,0.4078245162963867,,
132,HB_M,1725.1,1725.1999999999998,0.1,1724.98,1725.33,0.35,-0.11999999999989086,0.13000000000010914,172498,172533,172513.0,172510,172520,True,172498,172533,172495,172535,1724.95,1725.35,True,False,0.15,2,1724.9765227701005,1725.3290073399178,172498.0,172533.0,True,True,True,True,False,0.26,0,HB_M,0.24798716524881975,0.246731236577034,0.02047264890612991,0.0004191293532336622,0.019936099648475647,0.03827453404664993,0.04408463787575107,1.5392191613037707,0.2176336795091629,0.2805792987346649,1725.13,0.26969955682754515,0.05206587731838225,-1.052182912826538,1.11938938498497,-1.052182912826538,1.11938938498497,-0.2682812511920929,0.21686855526197524,-67.34583526849747,63.05329501628876,0.15,0.2,0.21880846098065376,0.22037137299776077,0.2747802436351776,0.27697916328907013,0.35000000000000003,0.9722222222222222,0.35000000000000003,0.9722222222222222,0.00904253533482552,0.26,HB_M,full,-0.2598145604133606,0.2149616926908493,-0.2598145604133606,0.2149616926908493,-0.2760430359509481,0.2128882306972397
133,HB_CL,1730.0,1730.4,0.4,1729.95,1729.96,0.01,-0.049999999999954525,-0.44000000000005457,172995,172996,172995.0,173000,173040,True,172995,172996,172995,173045,1729.95,1730.45,True,False,0.0,0,1729.9103646620767,1729.9589141466226,172991.0,172996.0,True,True,True,False,False,0.26,0,HB_CL,0.24818977984515103,0.24744704365730286,0.016413869905467064,0.0002694151252735974,0.013579100370407104,0.026121560484170914,-0.005558633985414598,2.0404984495428473,0.24567513167858124,0.27803030610084534,1729.95,0.24769378066062928,0.002018648982048038,1.6069814562797546,1.6069814562797546,1.6069814562797546,1.6069814562797546,1.6069814562797546,1.6069814562797546,0.0,0.0,0.0,0.01,0.22165063247084618,0.2268771320581436,0.2662233978509903,0.2752493739128113,0.01,0.5,0.01,0.5,0.0001432486832141877,0.26,HB_CL,full,,1.6069814562797546,,1.6069814562797546,-0.36141658106054825,1.6069814563179072
134,FC_CL,1730.566667,1731.233334,0.666667,1730.42,1731.39,0.97,-0.14666699999997945,0.15666600000008657,173042,173139,173101.0,173057,173124,True,173042,173139,173042,173139,1730.42,1731.39,True,False,0.15,2,,,,,False,False,False,True,False,0.26,0,FC_CL,0.19043639889460498,0.20458745956420898,0.051117786173595914,0.0026130280632894734,0.039624691009521484,0.08947620913386345,-0.10191365390425279,1.7885324519581507,0.10380715876817703,0.29269537329673767,1731.01,0.20706122159957885,0.10325406283140182,-1.8597323447465897,2.1445121616125107,-1.8597323447465897,2.1445121616125107,-0.20043906445304552,0.40874193685177046,-135.9592005610466,113.7654110789299,0.59,0.38,0.11702593080699444,0.12015166431665421,0.25336101949214934,0.26480277776718136,0.97,0.9897959183673469,0.97,0.9897959183673469,0.07887493171989919,0.26,FC_CL,full,-0.20474962006180975,0.42316833216893046,-0.20474962006180975,0.42316833216893046,,
135,HB_CL,1750.333333,1750.633333,0.3,1750.3,1750.54,0.24,-0.03333300000008421,-0.09333300000002964,175030,175054,175042.0,175033,175063,True,175030,175054,175028,175068,1750.28,1750.68,True,False,0.0,0,1750.2979175401497,1750.5364821950948,175030.0,175054.0,True,True,True,False,False,0.26,0,HB_CL,0.24499479631582896,0.2560320198535919,0.04290532116536022,0.0018408665843027078,0.033010780811309814,0.07339790463447571,-0.5029595451855557,2.009142211673277,0.1663864552974701,0.3049578368663788,1750.42,0.2887265408039093,0.12234008550643921,-2.053181827068329,1.3600237667560577,-2.053181827068329,1.3600237667560577,-0.7437191903591156,0.745835040624325,-89.81361985206604,84.32857692241669,0.12,0.12,0.16885379254817962,0.1752743601799011,0.2935386300086975,0.295909059047699,0.24,0.96,0.24,0.96,0.011345332020521166,0.26,HB_CL,full,-0.7470463713010153,0.7949918508529663,-0.7470463713010153,0.7949918508529663,-0.7668058525135557,0.8036725666649621
136,B_CL,1754.7,1755.166667,0.466667,1754.73,1755.07,0.34,0.029999999999972715,-0.09666700000002493,175473,175507,175482.0,175470,175517,True,175473,175507,175465,175522,1754.65,1755.22,True,False,0.0,0,1754.7254445123651,1755.0674163550461,175473.0,175507.0,True,True,True,False,False,0.26,0,B_CL,0.2278917892412706,0.22856959700584412,0.04879952564776608,0.00238139370344698,0.04083926975727081,0.07888715714216232,-0.08985687238259546,1.9562664363219082,0.13391736149787903,0.31043633818626404,1754.82,0.29058526039123533,0.1566678988933563,-2.277582138776779,1.7814487218856812,-2.277582138776779,1.7814487218856812,-1.2403827160596848,0.492785068658682,-97.93654084205627,131.7460834980011,0.09,0.25,0.15120482295751572,0.16274347007274628,0.2937627613544464,0.3044156938791275,0.34,0.9714285714285714,0.34,0.9714285714285714,0.02156491007804871,0.26,B_CL,full,-1.3105498419867623,0.51459801197052,-1.3105498419867623,0.51459801197052,-1.333424866773238,0.5095970251383688
